Sprint_ID,Name,State,Start_Date,End_Date,Activated_Date,Complete_Date,Project_ID
264,Studio 1: RI-23 68,ACTIVE,2020-03-11 15:51:02,2020-03-25 15:51:00,,,4
265,Studio 1: RI-23 66,CLOSED,2020-02-12 16:16:55,2020-02-26 16:16:00,,2020-02-26 14:08:30,4
266,Studio 4: RI-23 64,ACTIVE,2020-01-15 15:22:18,2020-01-29 15:22:00,,,4
267,Studio 1: RI-24 65,CLOSED,2020-01-29 16:36:24,2020-02-12 16:36:00,,2020-02-12 16:16:06,4
268,Studio 4: RI-22 63,CLOSED,2020-01-06 14:18:17,2020-01-15 14:18:00,,2020-01-15 14:18:37,4
269,Studio 1: RI-23 64,CLOSED,2020-01-15 15:23:02,2020-01-29 15:23:00,,2020-01-29 16:20:22,4
270,Studio 4: RI-21 61,CLOSED,2019-12-04 14:22:44,2019-12-18 14:22:00,,2019-12-18 14:19:53,4
271,Studio 3: RI-23 64,CLOSED,2020-01-15 15:23:36,2020-01-29 15:23:00,,2020-02-26 14:07:47,4
272,Studio 4: RI-21 60,CLOSED,2019-11-20 16:02:56,2019-12-04 16:02:00,,2019-12-04 14:22:16,4
273,Studio 4: RI-22 62,CLOSED,2019-12-18 14:24:55,2020-01-01 14:24:00,,2020-01-06 14:15:10,4
274,Foundations: RI-20 59,CLOSED,2019-11-06 16:56:38,2019-11-20 16:56:00,,2019-11-20 15:29:09,4
275,Foundations: RI-19 57,CLOSED,2019-10-09 15:29:13,2019-10-23 15:29:00,,2019-10-23 15:20:58,4
276,Resource Mgmt: RI-20 58,CLOSED,2019-10-23 17:02:35,2019-11-06 17:02:00,,2019-11-06 17:07:29,4
277,Resource Mgmt: RI-19 56,CLOSED,2019-09-25 16:42:25,2019-10-09 16:42:00,,2019-10-09 17:10:39,4
278,Foundations: RI-20 58,CLOSED,2019-10-23 15:59:15,2019-11-06 16:59:00,,2019-11-06 16:16:00,4
279,Foundations: RI-19 56,CLOSED,2019-09-25 15:27:45,2019-10-09 15:27:00,,2019-10-09 15:11:08,4
280,Resource Mgmt: RI-18 55,CLOSED,2019-09-11 15:32:39,2019-09-25 15:32:00,,2019-09-25 16:25:17,4
281,Foundations: RI-18 55,CLOSED,2019-09-11 17:42:07,2019-09-25 17:42:00,,2019-09-25 15:06:41,4
282,Containerization: RI-18 55,CLOSED,2019-09-11 22:37:28,2019-09-25 22:37:00,,2019-09-25 18:54:48,4
283,Foundations: RI-18 54,CLOSED,2019-08-28 17:39:01,2019-09-11 17:39:00,,2019-09-11 17:06:45,4
284,Storage: RI-18 54,CLOSED,2019-08-28 15:29:23,2019-09-11 15:29:00,,2019-11-20 17:37:23,4
285,Storage: RI-17 Sprint 52,CLOSED,2019-07-31 18:06:59,2019-08-14 18:06:00,,2019-08-28 15:27:15,4
286,Resource Mgmt: RI-17 Sprint 53,CLOSED,2019-08-14 16:15:51,2019-08-28 16:15:00,,2019-08-28 15:38:18,4
287,Foundations: RI-17 Sprint 53,CLOSED,2019-08-14 17:27:56,2019-08-28 17:27:00,,2019-08-28 17:20:22,4
288,Containerization: RI-17 52,CLOSED,2019-07-31 23:13:02,2019-08-14 23:13:00,,2019-08-15 20:32:50,4
289,Foundations: RI-17 Sprint 52,CLOSED,2019-08-01 02:32:51,2019-08-15 02:32:00,,2019-08-14 17:17:50,4
290,Resource Mgmt: RI17 Sp 52,CLOSED,2019-07-31 16:39:47,2019-08-14 16:39:00,,2019-08-14 16:05:11,4
291,Containerization: RI-16 51,CLOSED,2019-07-18 16:25:26,2019-08-01 16:25:00,,2019-07-31 23:11:11,4
292,Storage: RI-16 Sprint 51,CLOSED,2019-07-17 16:50:44,2019-07-31 16:50:00,,2019-07-31 18:05:10,4
293,Resource Mgmt: RI-16 51,CLOSED,2019-07-17 16:57:31,2019-07-31 16:57:00,,2019-07-31 16:04:54,4
294,Mesos Foundations: RI-16 Sp 50,CLOSED,2019-07-03 17:27:00,2019-07-17 17:27:00,,2019-07-17 17:05:43,4
295,Mesos Foundations: RI-16 51,CLOSED,2019-07-17 17:47:44,2019-07-31 17:47:00,,2019-07-31 17:24:23,4
296,Resource Mgmt: RI-16 Sp 50,CLOSED,2019-07-03 16:33:47,2019-07-17 16:33:00,,2019-07-17 16:06:58,4
297,Containerization: RI 15 Sp 49,CLOSED,2019-06-19 18:16:37,2019-07-03 18:16:00,,2019-07-03 18:17:44,4
298,Resource Mgmt: RI 15 Sp 49,CLOSED,2019-06-19 20:41:23,2019-07-03 20:41:00,,2019-07-03 16:16:03,4
299,Containerization: RI-16 Sp 50,CLOSED,2019-07-03 18:43:30,2019-07-17 18:43:00,,2019-07-18 16:24:10,4
300,Mesos Foundations: RI 15 Sp 49,CLOSED,2019-06-19 17:18:32,2019-07-03 17:18:00,,2019-07-03 17:20:59,4
301,Resource Mgmt: RI15 Sp 48,CLOSED,2019-06-05 16:41:01,2019-06-19 16:41:00,,2019-06-19 20:08:43,4
302,Containerization: RI15 Sp 48,CLOSED,2019-06-05 18:50:23,2019-06-19 18:50:00,,2019-06-19 18:12:28,4
303,Mesos Foundations: RI15 Sp 48,CLOSED,2019-06-05 17:50:31,2019-06-19 17:50:00,,2019-06-19 17:05:28,4
304,Storage: RI-14 Sprint 46,CLOSED,2019-05-08 17:03:52,2019-05-22 17:03:00,,2019-06-05 16:37:47,4
305,Resource Mgmt: RI14 Sp 47,CLOSED,2019-05-22 17:02:18,2019-06-05 17:02:00,,2019-06-05 16:10:49,4
306,Containerization: RI14 Sp 47,CLOSED,2019-05-22 18:51:31,2019-06-05 18:51:00,,2019-06-05 18:17:26,4
307,Resource Mgmt: RI14 Sp 46,CLOSED,2019-05-08 16:40:02,2019-05-22 16:40:00,,2019-05-22 16:28:28,4
308,Mesos Foundations: RI14 Sp 46,CLOSED,2019-05-08 18:05:49,2019-05-22 18:05:00,,2019-05-22 17:29:10,4
309,Containerization: RI14 Sp 46,CLOSED,2019-05-08 20:40:29,2019-05-22 20:40:00,,2019-05-22 18:28:30,4
310,Mesos Foundations: RI13 Sp 45,CLOSED,2019-04-24 17:36:44,2019-05-08 17:36:00,,2019-05-08 17:31:46,4
311,Storage: RI-13 Sprint 45,CLOSED,2019-04-24 17:15:59,2019-05-08 17:15:00,,2019-05-08 16:22:18,4
312,Resource Mgmt: RI13 Sp 45,CLOSED,2019-04-24 18:34:53,2019-05-08 18:34:00,,2019-05-08 16:15:56,4
313,Resource Mgmt: RI-13 Sp 44,CLOSED,2019-04-10 18:52:34,2019-04-24 18:52:00,,2019-04-24 18:21:31,4
314,Storage: RI-13 Sprint 44,CLOSED,2019-04-10 15:14:01,2019-04-24 15:14:00,,2019-04-24 17:15:39,4
315,Mesos Foundations: RI-13 Sp 44,CLOSED,2019-04-10 17:42:48,2019-04-24 17:42:00,,2019-04-24 17:14:58,4
316,Containerization: RI-13 Sp 44,CLOSED,2019-04-10 15:57:04,2019-04-24 15:57:00,,2019-04-24 20:08:44,4
317,Storage: RI-12 Sprint 43,CLOSED,2019-03-27 18:24:16,2019-04-10 18:24:00,,2019-04-10 15:17:48,4
318,Resource Mgmt RI12 Sp 43,CLOSED,2019-03-27 18:53:14,2019-04-10 18:53:00,,2019-04-10 18:05:07,4
319,Containerization: RI13 Sp 45,CLOSED,2019-04-24 20:42:54,2019-05-08 20:42:00,,2019-05-08 20:12:09,4
320,Containerization RI12 Sp 43,CLOSED,2019-03-27 21:15:32,2019-04-10 21:15:00,,2019-04-10 15:07:37,4
321,Mesos Foundations RI12 Sp 43,CLOSED,2019-03-27 17:50:59,2019-04-10 17:50:00,,2019-04-10 17:05:53,4
322,Containerization RI12 Sp 42,CLOSED,2019-03-13 15:44:04,2019-03-27 15:44:00,,2019-03-27 20:09:56,4
323,Storage R11 Sprint 40,CLOSED,2019-02-13 17:43:31,2019-02-21 17:43:00,,2019-03-28 17:09:56,4
324,Mesos Foundations RI12 Sp 42,CLOSED,2019-03-13 16:56:55,2019-03-27 16:56:00,,2019-03-27 17:18:57,4
325,Containerization RI11 Sp 41,CLOSED,2019-02-28 06:53:38,2019-03-14 06:53:00,,2019-03-13 15:11:10,4
326,Mesos Foundations RI11 Sp 41,CLOSED,2019-02-27 18:43:04,2019-03-13 18:43:00,,2019-03-13 16:17:48,4
327,Resource Mgmt RI11 Sp 40,CLOSED,2019-02-13 19:54:34,2019-02-27 19:54:00,,2019-02-27 19:07:02,4
328,Mesos Integration RI11 Sp 40,CLOSED,2019-02-13 18:29:10,2019-02-27 18:29:00,,2019-02-28 22:10:01,4
329,Resource Mgmt RI12 Sp 42,CLOSED,2019-03-13 20:30:18,2019-03-27 20:30:00,,2019-03-27 18:08:42,4
330,Mesos Foundations RI11 Sp 40,CLOSED,2019-02-14 03:30:44,2019-02-28 03:30:00,,2019-02-27 18:16:04,4
331,Resource Mgmt RI11 Sp 41,CLOSED,2019-02-27 19:32:37,2019-03-13 19:32:00,,2019-03-13 20:05:27,4
332,Storage R10 Sprint 39,CLOSED,2019-01-30 17:39:46,2019-02-07 17:39:00,,2019-02-13 17:19:34,4
333,Mesos Foundations RI10 Sp 39,CLOSED,2019-01-30 18:28:01,2019-02-13 18:28:00,,2019-02-14 03:26:17,4
334,Resource Mgmt RI10 Sp 39,CLOSED,2019-01-30 20:51:56,2019-02-13 20:51:00,,2019-02-13 19:49:15,4
335,Storage R10 Sprint 38,CLOSED,2019-01-16 17:39:57,2019-01-24 17:39:00,,2019-01-30 17:14:41,4
336,Containerization RI10 Spr 38,CLOSED,2019-01-16 17:38:40,2019-01-24 17:38:00,,2019-01-30 17:24:44,4
337,Mesos Foundations R10 Sp 38,CLOSED,2019-01-17 01:02:23,2019-01-31 01:02:00,,2019-01-30 18:15:12,4
338,Storage R9 Sprint 37,CLOSED,2019-01-08 17:24:43,2019-01-16 17:24:00,,2019-01-16 17:23:10,4
339,Resource Mgmt R9 Sprint 37,CLOSED,2019-01-02 19:22:05,2019-01-16 19:22:00,,2019-01-16 19:12:46,4
340,Mesos Foundations R9 Sprint 37,CLOSED,2019-01-02 16:33:44,2019-01-16 16:33:00,,2019-01-17 01:01:25,4
341,Storage R9 Sprint 36,CLOSED,2018-12-19 17:32:58,2019-01-02 17:32:00,,2019-01-08 17:23:17,4
342,Containerization RI10 Spr 39,CLOSED,2019-01-30 22:06:25,2019-02-13 22:06:00,,2019-02-14 18:43:16,4
343,Containerization R9 Sprint 37,CLOSED,2019-01-02 17:21:17,2019-01-16 17:21:00,,2019-01-16 17:36:12,4
344,Storage R8 Sprint 35,CLOSED,2018-12-06 17:28:24,2018-12-20 17:28:00,,2018-12-19 17:24:54,4
345,Containerization R8 Sprint 35,CLOSED,2018-12-06 17:42:12,2018-12-20 17:42:00,,2018-12-19 17:30:19,4
346,Mesos Foundations R8 Sprint 35,CLOSED,2018-12-06 04:10:04,2018-12-20 04:10:00,,2018-12-20 01:07:17,4
347,Resource Mgmt R8 Sprint 35,CLOSED,2018-12-06 19:32:14,2018-12-20 19:32:00,,2018-12-19 19:31:49,4
348,Storage R8 Sprint 34,CLOSED,2018-11-21 17:28:31,2018-12-05 17:28:00,,2018-12-06 17:11:10,4
349,Mesos Integration R8 Sprint 34,CLOSED,2018-11-22 20:47:59,2018-12-06 15:42:00,,2018-12-13 09:54:46,4
350,Mesos Foundation R7 Sprint 33,CLOSED,2018-11-08 19:25:42,2018-11-22 14:20:00,,2018-11-22 20:45:40,4
351,Storage R7 Sprint 33,CLOSED,2018-11-07 18:19:00,2018-11-21 18:19:00,,2018-11-21 17:21:04,4
352,Containerization R7 Sprint 32,CLOSED,2018-10-26 14:01:54,2018-11-08 17:00:00,,2018-11-08 19:22:36,4
353,Mesos Foundations R7 Sprint 32,CLOSED,2018-10-25 22:04:01,2018-11-08 17:00:00,,2018-11-08 19:21:44,4
354,Mesosphere RI-6 Sprint 2018-31,CLOSED,2018-10-11 16:00:33,2018-10-25 16:00:00,,2018-10-25 16:31:17,4
355,Resource Mgmt R9 Sprint 36,CLOSED,2018-12-19 19:33:28,2019-01-02 19:33:00,,2019-01-02 19:04:47,4
356,Mesos Integration R7 Sprint 33,CLOSED,2018-11-09 16:35:31,2018-11-22 09:00:00,,2018-11-22 20:45:00,4
357,Resource Mgmt R7 Sprint 32,CLOSED,2018-10-25 22:05:33,2018-11-08 17:00:00,,2018-11-08 19:23:09,4
358,Mesosphere RI-6 Sprint 2018-30,CLOSED,2018-09-27 09:00:28,2018-10-11 09:00:00,,2018-10-15 15:30:26,4
359,Mesosphere Sprint 2018-29,CLOSED,2018-09-13 16:00:31,2018-09-27 16:00:00,,2018-09-27 23:03:12,4
360,Mesosphere Sprint 2018-28,CLOSED,2018-08-30 16:00:44,2018-09-13 16:00:00,,2018-09-15 22:11:58,4
361,Mesosphere Sprint 2018-27,CLOSED,2018-08-16 16:00:43,2018-08-30 16:00:00,,2018-08-30 22:49:02,4
362,Mesosphere Sprint 2018-26,CLOSED,2018-08-02 16:00:37,2018-08-16 16:00:00,,2018-08-16 21:52:53,4
363,Mesosphere Sprint 2018-25,CLOSED,2018-07-19 16:00:43,2018-08-02 16:00:00,,2018-08-02 16:12:08,4
364,Mesos Integration RI12 Sp 43,CLOSED,2019-03-28 17:13:50,2019-04-05 17:13:00,,2019-04-11 16:12:03,4
365,Mesosphere Sprint 2018-24,CLOSED,2018-07-05 16:00:02,2018-07-19 16:00:00,,2018-07-19 22:03:09,4
366,Mesosphere Sprint 2018-23,CLOSED,2018-06-21 16:00:55,2018-07-05 16:00:00,,2018-07-05 20:22:13,4
367,Containerization R8 Sprint 34,CLOSED,2018-11-22 20:48:19,2018-12-06 15:43:00,,2018-12-06 17:16:03,4
368,Resource Mgmt R8 Sprint 34,CLOSED,2018-12-03 17:17:44,2018-12-06 09:00:00,,2018-12-06 19:12:26,4
369,Mesosphere Sprint 2018-22,CLOSED,2018-06-07 16:00:48,2018-06-21 16:00:00,,2018-06-21 17:29:19,4
370,Containerization RI11 Sp 40,CLOSED,2019-02-14 18:44:05,2019-02-28 18:44:00,,2019-02-28 06:52:00,4
371,Mesosphere Sprint 2018-21,CLOSED,2018-05-24 16:00:59,2018-06-07 16:00:00,,2018-06-11 22:37:50,4
372,Mesosphere Sprint 2018-20,CLOSED,2018-05-10 16:00:41,2018-05-24 16:00:00,,2018-05-25 05:26:33,4
373,Mesosphere Sprint 79,CLOSED,2018-04-26 16:00:04,2018-05-10 16:00:00,,2018-05-10 21:30:40,4
374,Mesosphere Sprint 78,CLOSED,2018-04-12 17:11:36,2018-04-26 17:11:00,,2018-04-30 18:40:28,4
375,Containerization: RI-18 54,CLOSED,2019-08-28 18:57:48,2019-09-11 18:57:00,,2019-09-11 22:22:43,4
376,Mesosphere Sprint 77,CLOSED,2018-03-29 16:00:01,2018-04-12 16:00:00,,2018-04-12 17:10:49,4
377,Mesosphere Sprint 76,CLOSED,2018-03-08 16:28:02,2018-03-29 16:00:00,,2018-03-30 18:28:28,4
378,Mesosphere Sprint 75,CLOSED,2018-02-15 17:59:57,2018-03-01 17:59:00,,2018-03-03 06:46:22,4
379,Mesosphere Sprint 74,CLOSED,2018-02-01 18:00:46,2018-02-15 18:00:00,,2018-02-15 17:36:28,4
380,Mesosphere Sprint 73,CLOSED,2018-01-19 01:12:02,2018-02-02 01:12:00,,2018-02-01 19:40:44,4
381,Mesosphere Sprint 72,CLOSED,2018-01-04 21:03:54,2018-01-18 21:03:00,,2018-01-21 01:11:32,4
382,Mesosphere Sprint 71,CLOSED,2017-12-21 20:26:11,2018-01-04 20:26:00,,2018-01-08 21:02:32,4
383,Mesosphere Sprint 70,CLOSED,2017-12-07 23:50:25,2017-12-21 23:50:00,,2017-12-22 10:41:03,4
384,Mesosphere Sprint 69,CLOSED,2017-11-23 18:57:39,2017-12-07 18:57:00,,2017-12-08 23:49:29,4
385,Mesosphere Sprint 68,CLOSED,2017-11-10 01:00:23,2017-11-24 01:00:00,,2017-11-27 18:56:18,4
386,Mesosphere Sprint 67,CLOSED,2017-10-26 18:00:44,2017-11-09 19:00:00,,2017-11-13 01:03:16,4
387,Mesosphere Sprint 66,CLOSED,2017-10-12 09:00:55,2017-10-26 09:00:00,,2017-10-30 17:50:51,4
388,Mesosphere Sprint 65,CLOSED,2017-09-29 04:49:32,2017-10-13 04:49:00,,2017-10-16 18:37:17,4
389,Mesosphere Sprint 64,CLOSED,2017-09-14 22:53:08,2017-09-28 22:53:00,,2017-09-29 04:48:21,4
390,Mesosphere Sprint 63,CLOSED,2017-09-01 00:08:29,2017-09-15 00:08:00,,2017-09-19 22:53:28,4
391,Mesosphere Sprint 62,CLOSED,2017-08-17 18:03:01,2017-08-31 18:03:00,,2017-09-06 00:07:34,4
392,Mesosphere Sprint 61,CLOSED,2017-08-03 17:44:35,2017-08-17 17:44:00,,2017-08-18 18:02:55,4
393,Mesosphere Sprint 60,CLOSED,2017-07-20 22:52:52,2017-08-03 22:52:00,,2017-08-07 17:43:43,4
394,Mesosphere Sprint 59,CLOSED,2017-07-06 20:50:24,2017-07-20 20:50:00,,2017-07-21 22:51:35,4
395,Mesosphere Sprint 58,CLOSED,2017-06-08 20:20:04,2017-06-22 20:20:00,,2017-07-07 20:47:44,4
396,Mesosphere Sprint 57,CLOSED,2017-05-11 15:54:18,2017-05-25 15:54:00,,2017-06-13 20:15:39,4
397,Mesosphere Sprint 56,CLOSED,2017-04-27 15:33:44,2017-05-11 15:33:00,,2017-05-12 15:53:52,4
398,Mesosphere Sprint 55,CLOSED,2017-04-13 20:00:56,2017-04-27 20:00:00,,2017-05-02 15:32:22,4
399,Mesosphere Sprint 54,CLOSED,2017-03-30 20:00:08,2017-04-13 20:00:00,,2017-04-14 08:53:41,4
400,Mesosphere Sprint 53,CLOSED,2017-03-17 20:01:19,2017-03-30 20:01:00,,2017-03-31 20:28:07,4
401,Mesosphere Sprint 52,CLOSED,2017-02-17 22:30:39,2017-03-03 22:30:00,,2017-03-23 20:01:05,4
402,Mesosphere Sprint 51,CLOSED,2017-02-14 01:38:14,2017-02-28 01:38:00,,2017-02-21 09:53:45,4
403,Mesosphere Sprint 50,CLOSED,2017-01-27 18:03:42,2017-02-10 18:03:00,,2017-02-04 01:05:49,4
404,Mesosphere Sprint 49,CLOSED,2017-01-07 00:42:04,2017-01-21 00:42:00,,2017-01-27 18:03:29,4
405,Mesosphere Sprint 48,CLOSED,2016-12-10 01:12:49,2016-12-24 01:12:00,,2017-01-07 00:41:38,4
406,Mesosphere Sprint 47,CLOSED,2016-11-15 15:11:03,2016-11-29 15:11:00,,2016-12-08 17:46:36,4
407,Mesosphere Sprint 46,CLOSED,2016-10-28 16:22:08,2016-11-11 16:22:00,,2016-11-15 15:10:30,4
408,Mesosphere Sprint 44,CLOSED,2016-09-29 16:40:30,2016-10-13 16:40:00,,2016-10-14 23:11:31,4
409,Mesosphere Sprint 45,CLOSED,2016-10-13 18:58:52,2016-10-27 18:58:00,,2016-10-28 16:21:34,4
410,Mesosphere Sprint 43,CLOSED,2016-09-19 14:11:40,2016-10-03 14:11:00,,2016-09-29 16:40:10,4
411,Mesosphere Sprint 42,CLOSED,2016-09-03 11:15:36,2016-09-17 11:15:00,,2016-09-18 18:02:51,4
412,Mesosphere Sprint 41,CLOSED,2016-08-09 21:58:52,2016-08-23 21:58:00,,2016-09-03 11:14:20,4
413,Mesosphere Sprint 40,CLOSED,2016-07-22 14:28:06,2016-08-05 14:28:00,,2016-08-09 21:58:27,4
414,Mesosphere Sprint 39,CLOSED,2016-07-08 16:27:48,2016-07-22 16:27:00,,2016-07-22 14:27:36,4
415,Mesosphere Sprint 38,CLOSED,2016-06-27 23:27:22,2016-07-11 23:27:00,,2016-07-08 16:27:30,4
416,Mesosphere Sprint 37,CLOSED,2016-06-13 05:43:03,2016-06-27 05:43:00,,2016-06-27 23:26:17,4
417,Mesosphere Sprint 36,CLOSED,2016-05-29 20:29:35,2016-06-12 20:29:00,,2016-06-13 05:42:37,4
418,Mesosphere Sprint 35,CLOSED,2016-05-13 14:54:02,2016-05-27 14:54:00,,2016-05-29 20:29:10,4
419,Mesosphere Sprint 34,CLOSED,2016-04-27 16:13:40,2016-05-11 16:13:00,,2016-05-13 14:53:33,4
420,Mesosphere Sprint 33,CLOSED,2016-04-12 16:14:54,2016-04-26 16:14:00,,2016-04-27 16:13:10,4
421,Mesosphere Sprint 32,CLOSED,2016-03-30 00:40:05,2016-04-13 00:40:00,,2016-04-12 16:14:26,4
422,Mesosphere Sprint 31,CLOSED,2016-03-15 18:06:45,2016-03-29 18:06:00,,2016-03-30 00:39:24,4
423,Mesosphere Sprint 30,CLOSED,2016-03-01 17:40:49,2016-03-15 17:40:00,,2016-03-15 18:05:37,4
424,Mesosphere Sprint 29,CLOSED,2016-02-16 23:11:51,2016-03-01 23:11:00,,2016-03-01 17:40:16,4
425,Mesosphere Sprint 28,CLOSED,2016-02-01 20:19:53,2016-02-15 20:19:00,,2016-02-16 23:11:28,4
426,Mesosphere Sprint 27,CLOSED,2016-01-21 07:55:27,2016-02-04 07:55:00,,2016-02-01 20:18:57,4
427,Mesosphere Sprint 26,CLOSED,2016-01-04 23:06:24,2016-01-18 23:06:00,,2016-01-21 07:54:52,4
428,Mesosphere Sprint 24,CLOSED,2015-12-07 21:28:11,2015-12-21 21:28:00,,2015-12-21 17:58:03,4
429,Mesosphere Sprint 25,CLOSED,2015-12-21 22:33:11,2016-01-04 22:33:00,,2016-01-04 19:11:33,4
430,Mesosphere Sprint 23,CLOSED,2015-11-23 22:08:23,2015-12-07 22:08:00,,2015-12-07 19:07:58,4
431,Resource Mgmt: RI-18 54,CLOSED,2019-08-28 15:47:30,2019-09-11 15:47:00,,2019-09-11 15:20:01,4
432,Mesosphere Sprint 22,CLOSED,2015-11-09 21:00:43,2015-11-23 21:00:00,,2015-11-23 21:39:05,4
433,Mesosphere Sprint 21,CLOSED,2015-10-12 20:46:10,2015-10-26 19:00:00,,2015-11-09 21:25:04,4
434,Mesosphere Sprint 20,CLOSED,2015-09-28 20:37:51,2015-10-12 20:37:00,,2015-10-12 20:45:16,4
435,Twitter Mesos Q3 Sprint 6,CLOSED,2015-09-28 18:38:27,2015-10-12 18:00:00,,2015-12-07 21:27:50,4
436,Mesosphere Sprint 19,CLOSED,2015-09-14 20:54:44,2015-09-28 20:54:00,,2015-09-28 20:13:34,4
437,Twitter Mesos Q3 Sprint 5,CLOSED,2015-09-14 18:53:25,2015-09-28 18:00:00,,2015-09-28 18:07:39,4
438,Mesosphere Sprint 18,CLOSED,2015-08-31 20:44:13,2015-09-14 20:44:00,,2015-09-14 20:43:45,4
439,Twitter Mesos Q3 Sprint 4,CLOSED,2015-08-31 19:01:28,2015-09-14 18:00:00,,2015-09-14 18:06:38,4
440,Mesosphere Sprint 17,CLOSED,2015-08-17 19:00:49,2015-08-31 19:00:00,,2015-08-31 20:21:32,4
441,Twitter Mesos Q3 Sprint 3,CLOSED,2015-08-03 18:22:05,2015-08-17 18:00:00,,2015-08-31 18:08:06,4
442,Mesosphere Sprint 16,CLOSED,2015-08-03 20:00:40,2015-08-17 19:00:00,,2015-08-17 23:30:57,4
443,Twitter Mesos Q3 Sprint 2,CLOSED,2015-07-21 19:09:42,2015-08-03 18:00:00,,2015-08-03 18:11:30,4
444,Mesosphere Sprint 15,CLOSED,2015-07-20 20:00:47,2015-08-03 17:00:00,,2015-08-03 20:30:09,4
445,Twitter Mesos Q3 Sprint 1,CLOSED,2015-07-06 18:52:39,2015-07-20 18:00:00,,2015-07-20 19:30:20,4
446,Mesosphere Sprint 14,CLOSED,2015-07-06 17:00:32,2015-07-20 17:00:00,,2015-07-20 20:35:43,4
447,Mesosphere Sprint 13,CLOSED,2015-06-22 17:00:57,2015-07-06 16:00:00,,2015-07-06 19:05:04,4
448,Twitter Mesos Q2 Sprint 6,CLOSED,2015-06-22 18:27:42,2015-07-06 18:00:00,,2015-07-06 18:38:22,4
449,Twitter Mesos Q2 Sprint 5,CLOSED,2015-06-08 19:00:00,2015-06-22 18:00:00,,2015-06-22 18:13:49,4
450,Mesosphere Sprint 12,CLOSED,2015-06-08 16:00:47,2015-06-22 16:00:00,,2015-06-22 17:54:29,4
451,Twitter Q2 Sprint 3,CLOSED,2015-05-26 18:00:31,2015-06-08 18:00:00,,2015-06-08 18:13:04,4
452,Mesosphere Sprint 11,CLOSED,2015-05-26 17:54:14,2015-06-08 16:00:00,,2015-06-08 20:13:57,4
453,Mesosphere Sprint 10,CLOSED,2015-05-15 16:30:26,2015-05-26 01:00:00,,2015-05-27 19:49:52,4
454,Twitter Q2 Sprint 3 - 5/11,CLOSED,2015-05-11 18:00:12,2015-05-25 18:00:00,,2015-05-26 18:13:38,4
455,Twitter Q2 Sprint 2,CLOSED,2015-04-27 20:59:03,2015-05-11 20:59:00,,2015-05-11 18:26:37,4
456,Mesosphere Q1 Sprint 9 - 5/15,CLOSED,2015-05-01 15:00:00,2015-05-16 00:00:00,,2015-05-15 16:47:08,4
457,Mesosphere Q2 Sprint 8 - 5/1,CLOSED,2015-04-17 15:46:14,2015-05-01 15:46:00,,2015-05-01 15:23:06,4
458,Twitter Q2 Sprint 1 - 4/13,CLOSED,2015-04-13 18:00:42,2015-04-27 18:00:00,,2015-04-27 18:26:06,4
459,Mesosphere Q1 Sprint 7 - 4/17,CLOSED,2015-04-03 16:57:36,2015-04-17 16:57:00,,2015-04-17 15:13:56,4
460,Twitter Mesos Q1 Sprint 6,CLOSED,2015-03-30 18:19:21,2015-04-06 18:00:00,,2015-04-13 18:11:10,4
461,Mesosphere Q1 Sprint 6 - 4/3,CLOSED,2015-03-20 15:41:35,2015-04-03 15:41:00,,2015-04-03 16:56:08,4
462,Twitter Mesos Q1 Sprint 5,CLOSED,2015-03-16 18:00:39,2015-03-30 18:00:00,,2015-03-30 18:13:37,4
463,Mesosphere Q1 Sprint 5 - 3/20,CLOSED,2015-03-09 23:12:34,2015-03-20 23:12:00,,2015-03-20 15:31:23,4
464,Twitter Mesos Q1 Sprint 4,CLOSED,2015-03-02 19:31:49,2015-03-16 19:31:00,,2015-03-16 18:20:23,4
465,Mesosphere Q1 Sprint 4 - 3/6,CLOSED,2015-02-20 16:28:58,2015-03-06 16:28:00,,2015-03-09 23:11:32,4
466,Twitter Mesos Q1 Sprint 3,CLOSED,2015-02-17 18:00:00,2015-03-02 19:00:00,,2015-03-02 19:09:50,4
467,Mesosphere Q1 Sprint 3 - 2/20,CLOSED,2015-02-06 16:47:50,2015-02-20 16:47:00,,2015-02-20 16:16:31,4
468,Twitter Mesos Q1 Sprint 2,CLOSED,2015-02-02 20:00:11,2015-02-16 19:00:00,,2015-02-17 17:46:05,4
469,Twitter Mesos Q1 Sprint 1,CLOSED,2015-01-20 19:59:00,2015-02-03 19:48:00,,2015-02-02 18:45:12,4
470,Mesosphere Q1 Sprint 2 - 2/6,CLOSED,2015-01-23 16:54:35,2015-02-06 16:54:00,,2015-02-06 16:22:48,4
471,Twitter Mesos Q4 Sprint 5,CLOSED,2014-12-01 19:30:00,2014-12-15 19:00:00,,2014-12-15 19:22:03,4
472,Mesosphere Q4 Sprint 3 - 12/7,CLOSED,2014-11-19 17:58:45,2014-12-07 17:58:00,,2015-01-15 21:15:18,4
473,Twitter Mesos Q4 Sprint 4,CLOSED,2014-11-17 19:30:00,2014-12-01 19:00:00,,2014-12-01 19:16:37,4
474,Mesosphere Q4 Sprint 2 - 11/14,CLOSED,2014-11-04 18:40:29,2014-11-14 18:40:00,,2014-11-17 18:50:24,4
475,Twitter Mesos Q4 Sprint 3,CLOSED,2014-11-03 19:00:04,2014-11-17 19:00:00,,2014-11-17 18:59:59,4
476,Mesosphere Q1 Sprint 1 - 1/23,CLOSED,2015-01-15 21:16:49,2015-01-23 21:16:00,,2015-01-23 16:40:02,4
477,Mesosphere Q4 Sprint 1 10/31,CLOSED,2014-10-19 18:29:04,2014-10-31 17:29:00,,2014-11-04 00:25:45,4
478,Twitter Mesos Q4 Sprint 2,CLOSED,2014-10-21 19:00:15,2014-11-04 19:00:00,,2014-11-03 19:01:59,4
479,Twitter Q4 Sprint 1,CLOSED,2014-10-06 22:00:00,2014-10-20 18:00:00,,2014-10-20 18:02:29,4
480,Mesos Q3 Sprint 6,CLOSED,2014-09-22 18:30:00,2014-10-06 18:00:00,,2014-10-06 21:04:04,4
481,Mesos Q3 Sprint 5,CLOSED,2014-09-08 18:00:33,2014-09-22 18:00:00,,2014-09-22 18:04:35,4
482,Q3 Sprint 4,CLOSED,2014-08-25 21:32:11,2014-09-06 01:00:00,,2014-09-08 18:07:29,4
483,Q3 Sprint 3,CLOSED,2014-08-11 19:00:26,2014-08-23 00:00:00,,2014-08-25 21:10:36,4
484,Q3 Sprint 2,CLOSED,2014-07-28 19:05:44,2014-08-07 00:00:00,,2014-08-11 17:30:40,4
485,Q3 Sprint 1,CLOSED,2014-07-14 19:03:07,2014-07-24 00:00:00,,2014-07-28 18:06:46,4
486,Q2 Sprint 5,CLOSED,2014-06-30 19:00:15,2014-07-05 00:00:00,,2014-07-14 18:07:50,4
487,Q2 Sprint 4,CLOSED,2014-06-13 23:07:41,2014-06-26 00:00:00,,2014-06-26 17:14:41,4
488,Q2 Sprint 3,CLOSED,2014-05-31 00:00:30,2014-06-12 00:00:00,,2014-06-13 23:05:05,4
489,Q2'14 Sprint 2,CLOSED,2014-05-15 21:33:31,2014-05-29 00:00:00,,2014-05-30 19:24:37,4
490,Q2'14 Sprint 1,CLOSED,2014-05-05 18:00:16,2014-05-15 00:00:00,,2014-05-15 21:16:18,4
4670,2020 Sprint 22,ACTIVE,2020-10-27 02:33:00,2020-11-07 02:33:00,,,12
4671,2020 Sprint 21,CLOSED,2020-10-12 15:34:00,2020-10-23 15:34:00,,2020-10-23 01:32:44,12
4672,2020 Sprint 20,CLOSED,2020-09-28 14:30:47,2020-10-09 14:30:00,,2020-10-09 15:33:43,12
4673,2020 Sprint 19,CLOSED,2020-09-14 19:01:00,2020-09-25 19:01:00,,2020-09-28 14:30:20,12
4674,2020 Sprint 18,CLOSED,2020-08-31 14:45:10,2020-09-11 14:45:00,,2020-09-11 18:56:21,12
4675,2020 Sprint 17,CLOSED,2020-08-17 14:48:00,2020-08-28 14:48:00,,2020-08-31 14:36:28,12
4676,2020 Sprint 16,CLOSED,2020-08-03 19:57:55,2020-08-14 19:57:00,,2020-08-14 14:19:52,12
4677,2020 Sprint 15,CLOSED,2020-07-20 21:16:06,2020-07-31 21:16:00,,2020-08-03 19:27:13,12
4678,2020 Sprint 14,CLOSED,2020-07-06 14:40:00,2020-07-17 14:40:00,,2020-07-20 21:16:28,12
4679,2020 Sprint 13,CLOSED,2020-06-19 15:41:04,2020-07-02 15:41:00,,2020-07-02 14:37:12,12
4680,2020 Sprint 12,CLOSED,2020-06-08 20:06:42,2020-06-19 20:06:00,,2020-06-19 14:54:38,12
4681,2020 Sprint 11,CLOSED,2020-05-26 14:56:00,2020-06-05 14:56:00,,2020-06-08 20:05:50,12
4682,2020 Sprint 10,CLOSED,2020-05-08 15:37:58,2020-05-22 15:37:00,,2020-05-21 14:26:11,12
4683,2020 Sprint 9,CLOSED,2020-04-24 16:09:52,2020-05-08 16:09:00,,2020-05-08 14:40:08,12
4684,2020 Sprint 8,CLOSED,2020-04-10 17:08:36,2020-04-24 17:08:00,,2020-04-24 15:23:30,12
4685,2020 Sprint 7,CLOSED,2020-04-13 16:48:00,2020-04-24 16:48:00,,2020-04-23 17:07:57,12
4686,2020 Sprint 7,CLOSED,2020-03-27 16:30:22,2020-04-10 15:30:00,,2020-04-10 16:43:28,12
4687,2020 Sprint 6,CLOSED,2020-03-16 21:38:00,2020-03-27 21:38:00,,2020-03-27 16:02:03,12
4688,2020 Sprint 5,CLOSED,2020-03-02 18:45:03,2020-03-13 18:45:00,,2020-03-13 16:42:05,12
4689,2020 Sprint 4,CLOSED,2020-02-17 09:48:42,2020-02-28 09:48:00,,2020-02-28 17:07:21,12
4690,2020 Sprint 3,CLOSED,2020-02-03 16:58:00,2020-02-14 16:58:00,,2020-02-17 09:45:06,12
4691,2020 Sprint 2,CLOSED,2020-01-20 17:44:38,2020-01-31 17:44:00,,2020-01-31 16:57:45,12
4692,2020 Sprint 1,CLOSED,2020-01-02 21:15:56,2020-01-17 21:15:00,,2020-01-21 17:44:30,12
4693,2019 Sprint 26,CLOSED,2019-12-16 06:12:12,2019-12-21 06:12:00,,2019-12-22 03:07:16,12
4694,2019 Sprint 25,CLOSED,2019-12-02 23:08:40,2019-12-15 23:08:00,,2019-12-16 05:54:55,12
4695,2019 Sprint 24,CLOSED,2019-11-18 16:40:09,2019-12-01 16:40:00,,2019-12-02 23:06:25,12
4696,2019 Sprint 23,CLOSED,2019-11-04 18:38:15,2019-11-17 18:38:00,,2019-11-18 16:38:18,12
4697,2019 Sprint 22,CLOSED,2019-10-21 14:38:22,2019-11-03 15:38:00,,2019-11-04 18:36:57,12
4698,2019 Sprint 21,CLOSED,2019-10-07 17:35:57,2019-10-20 17:35:00,,2019-10-21 14:38:00,12
4699,2019 Sprint 20,CLOSED,2019-09-23 14:38:44,2019-10-06 14:38:00,,2019-10-07 17:33:12,12
4700,2013 Sprint 14,CLOSED,2013-07-02 11:09:00,2013-07-16 11:09:00,,2020-08-31 14:31:00,12
4701,2019 Sprint 19,CLOSED,2019-09-09 19:43:13,2019-09-22 19:43:00,,2019-09-23 14:37:36,12
4702,2019 Sprint 18,CLOSED,2019-08-26 20:46:26,2019-09-08 20:46:00,,2019-09-09 19:39:59,12
4703,2019 Sprint 17,CLOSED,2019-08-12 06:59:29,2019-08-25 06:59:00,,2019-08-26 14:35:30,12
4704,2019 Sprint 16,CLOSED,2019-07-29 14:35:47,2019-08-11 14:35:00,,2019-08-12 06:57:03,12
4705,2019 Sprint 15,CLOSED,2019-07-15 17:30:38,2019-07-28 17:30:00,,2019-07-29 14:34:52,12
4706,2019 Sprint 14,CLOSED,2019-07-01 15:55:05,2019-07-14 15:55:00,,2019-07-15 14:41:02,12
4707,2019 Sprint 13,CLOSED,2019-06-18 05:36:50,2019-07-01 05:36:00,,2019-07-01 15:45:24,12
4708,2019 Sprint 12,CLOSED,2019-06-03 21:00:37,2019-06-14 21:00:00,,2019-06-15 02:44:21,12
4709,2019 Sprint 11,CLOSED,2019-05-18 16:39:53,2019-05-31 16:39:00,,2019-06-04 20:37:11,12
4710,2019 Sprint 10,CLOSED,2019-04-28 21:06:00,2019-05-17 21:06:00,,2019-05-20 15:48:43,12
4711,2019 Sprint 9,CLOSED,2019-04-14 18:05:00,2019-04-26 18:05:00,,2019-04-26 21:05:14,12
4712,2019 Sprint 8,CLOSED,2019-03-31 17:03:00,2019-04-12 17:03:00,,2019-04-12 18:04:50,12
4713,2019 Sprint 7,CLOSED,2019-03-18 17:27:26,2019-03-30 17:27:00,,2019-03-29 18:02:37,12
4714,2019 Sprint 6,CLOSED,2019-03-03 22:20:00,2019-03-15 22:20:00,,2019-03-18 17:26:43,12
4715,2019 Sprint 5,CLOSED,2019-02-24 18:36:06,2019-03-08 18:36:00,,2019-03-07 22:19:47,12
4716,2017 Sprint 16 Platform,CLOSED,2017-07-28 23:00:37,2017-08-11 23:00:00,,2019-03-14 20:37:14,12
4717,2019 Sprint 4,CLOSED,2019-02-11 16:16:38,2019-02-23 16:16:00,,2019-02-24 18:35:43,12
4718,2019 Sprint 3,CLOSED,2019-01-28 17:38:43,2019-02-09 17:38:00,,2019-02-08 21:37:29,12
4719,2019 Sprint 2,CLOSED,2019-01-14 17:20:19,2019-01-26 17:20:00,,2019-01-28 17:38:12,12
4720,2019 Sprint 1,CLOSED,2018-12-31 19:39:58,2019-01-11 19:39:00,,2019-01-14 17:17:48,12
4721,2018 Sprint 26,CLOSED,2018-12-17 15:56:00,2018-12-21 15:56:00,,2018-12-26 17:42:17,12
4722,2018 Sprint 25,CLOSED,2018-12-02 16:29:22,2018-12-16 16:29:00,,2018-12-15 02:33:25,12
4723,2018 Sprint 24,CLOSED,2018-11-19 05:35:58,2018-12-03 05:35:00,,2018-12-03 16:28:58,12
4724,2018 Sprint 23,CLOSED,2018-11-04 23:35:52,2018-11-18 23:35:00,,2018-11-19 05:30:34,12
4725,2018 Sprint 22,CLOSED,2018-10-21 22:20:53,2018-11-04 23:20:00,,2018-11-04 23:29:59,12
4726,2018 Sprint 21,CLOSED,2018-10-07 22:32:41,2018-10-21 22:32:00,,2018-10-21 22:19:05,12
4727,2018 Sprint 20 SDK,CLOSED,2018-09-23 15:57:58,2018-10-07 15:57:00,,2018-10-07 22:31:40,12
4728,2018 Sprint 19 SDK,CLOSED,2018-09-09 20:02:56,2018-09-23 20:02:00,,2018-09-23 21:28:11,12
4729,2018 Sprint 18 SDK,CLOSED,2018-08-26 15:14:35,2018-09-09 15:14:00,,2018-09-11 19:59:21,12
4730,2016 Sprint 17 SDK,CLOSED,2018-08-13 16:39:37,2018-08-27 16:39:00,,2018-08-29 15:10:57,12
4731,2018 Sprint 16 SDK,CLOSED,2018-07-29 21:26:06,2018-08-12 21:26:00,,2018-08-13 16:38:17,12
4732,2018 Sprint 15 SDK,CLOSED,2018-07-15 20:52:05,2018-07-29 20:52:00,,2018-07-29 21:25:12,12
4733,2018 Sprint 14 SDK,CLOSED,2018-07-01 17:40:57,2018-07-15 17:40:00,,2018-07-16 02:27:09,12
4734,2018 Sprint 13 SDK,CLOSED,2018-06-17 19:47:14,2018-07-01 19:47:00,,2018-07-02 17:40:05,12
4735,2018 Sprint 23,CLOSED,2018-11-04 22:55:10,2018-11-18 22:55:00,,2019-01-14 17:19:54,12
4736,2018 Sprint 12 SDK,CLOSED,2018-06-03 14:22:23,2018-06-17 14:22:00,,2018-06-18 19:45:36,12
4737,2018 Sprint 11 SDK,CLOSED,2018-05-20 19:57:44,2018-06-03 19:57:00,,2018-06-04 14:13:14,12
4738,2018 Sprint 11 Tooling,CLOSED,2018-05-20 20:01:41,2018-06-03 20:01:00,,2018-06-04 14:14:22,12
4739,2018 Sprint 10 SDK,CLOSED,2018-05-06 23:03:22,2018-05-20 23:03:00,,2018-05-20 19:54:59,12
4740,2018 Sprint 09 SDK,CLOSED,2018-04-22 21:53:09,2018-05-06 21:53:00,,2018-05-06 23:02:16,12
4741,2018 Sprint 08 SDK,CLOSED,2018-04-08 16:57:36,2018-04-22 16:57:00,,2018-04-22 21:51:19,12
4742,2018 Sprint 07 SDK,CLOSED,2018-03-25 20:59:37,2018-04-08 20:59:00,,2018-04-08 16:55:14,12
4743,2018 Sprint 07 Tooling,CLOSED,2018-03-25 20:58:01,2018-04-08 20:58:00,,2018-04-08 16:56:19,12
4744,2018 Sprint 06 SDK,CLOSED,2018-03-11 22:18:04,2018-03-25 21:18:00,,2018-03-25 20:52:37,12
4745,2018 Sprint 05 SDK,CLOSED,2018-02-25 19:38:09,2018-03-11 18:38:00,,2018-03-11 22:06:02,12
4746,2018 Sprint 04 SDK,CLOSED,2018-02-12 04:23:02,2018-02-26 04:23:00,,2018-02-26 19:36:02,12
4747,2018 Sprint 03 SDK,CLOSED,2018-01-28 16:23:12,2018-02-11 16:23:00,,2018-02-12 04:22:49,12
4748,2018 Sprint 03 Tooling,CLOSED,2018-01-28 16:24:34,2018-02-11 16:24:00,,2018-02-12 04:23:36,12
4749,2018 Sprint 02 SDK,CLOSED,2018-01-14 22:48:44,2018-01-28 22:48:00,,2018-01-29 16:22:43,12
4750,2018 Sprint 01 SDK,CLOSED,2017-12-31 16:58:55,2018-01-14 16:58:00,,2018-01-17 22:44:27,12
4751,2018 Sprint 01 Tooling,CLOSED,2017-12-31 16:58:25,2018-01-14 16:58:00,,2018-01-17 22:42:40,12
4752,2017 Sprint 26 SDK,CLOSED,2017-12-17 22:35:00,2017-12-31 22:34:00,,2018-01-02 16:57:06,12
4753,2017 Sprint 25 SDK,CLOSED,2017-12-03 23:22:15,2017-12-17 23:22:00,,2017-12-18 22:32:03,12
4754,2017 Sprint 24 SDK,CLOSED,2017-11-19 18:59:24,2017-12-03 18:59:00,,2017-12-04 23:20:14,12
4755,2017 Sprint 23 SDK,CLOSED,2017-11-05 16:37:25,2017-11-19 16:37:00,,2017-11-20 18:57:57,12
4756,2017 Sprint 22 SDK,CLOSED,2017-10-22 20:44:00,2017-11-05 22:43:00,,2017-11-06 16:33:42,12
4757,2018 Sprint 04 Tooling,CLOSED,2018-02-12 04:25:17,2018-02-26 04:25:00,,2018-02-26 19:38:14,12
4758,2017 Sprint 21 SDK,CLOSED,2017-10-08 19:38:15,2017-10-22 19:38:00,,2017-10-24 22:55:57,12
4759,2017 Sprint 20 SDK,CLOSED,2017-09-24 16:50:18,2017-10-08 16:50:00,,2017-10-09 19:38:08,12
4760,2017 Sprint 19 SDK,CLOSED,2017-09-10 20:24:52,2017-09-24 20:24:00,,2017-09-25 16:49:27,12
4761,2017 Sprint 19 Tooling,CLOSED,2017-09-10 20:25:25,2017-09-24 20:25:00,,2017-09-25 16:50:29,12
4762,2017 Sprint 18 SDK,CLOSED,2017-08-27 20:13:39,2017-09-10 20:13:00,,2017-09-10 20:24:16,12
4763,2017 Sprint 18 Tooling,CLOSED,2017-08-27 20:14:41,2017-09-10 20:14:00,,2017-09-10 20:23:48,12
4764,2017 Sprint 17 SDK,CLOSED,2017-08-13 22:08:29,2017-08-27 22:08:00,,2017-08-27 20:10:54,12
4765,2015 Sprint 25 Studio,CLOSED,2015-12-08 05:48:27,2015-12-21 17:48:00,,2015-12-23 00:55:33,12
4766,2017 Sprint 17 Tooling,CLOSED,2017-08-13 22:08:07,2017-08-27 22:08:00,,2017-08-27 20:14:06,12
4767,2017 Sprint 16 SDK,CLOSED,2017-07-30 15:17:10,2017-08-13 15:17:00,,2017-08-13 22:06:34,12
4768,2017 Sprint 15 SDK,CLOSED,2017-07-16 13:40:47,2017-07-30 13:40:00,,2017-07-31 15:15:09,12
4769,2017 Sprint 15 Tooling,CLOSED,2017-07-16 13:53:58,2017-07-30 13:53:00,,2017-07-31 15:11:04,12
4770,2017 Sprint 14 Tooling,CLOSED,2017-07-02 22:55:00,2017-07-16 22:55:00,,2017-07-17 13:40:09,12
4771,2017 Sprint 14 SDK,CLOSED,2017-07-02 15:29:41,2017-07-16 15:29:00,,2017-07-17 13:39:47,12
4772,2017 Sprint 13 Tooling,CLOSED,2017-06-18 15:15:18,2017-07-02 15:15:00,,2017-07-06 22:54:40,12
4773,2017 Sprint 13 SDK,CLOSED,2017-06-18 15:14:36,2017-07-02 15:14:00,,2017-07-06 22:53:22,12
4774,2017 Sprint 11 Tooling,CLOSED,2017-05-22 01:43:02,2017-06-05 01:43:00,,2017-06-04 23:19:07,12
4775,2017 Sprint 16 Tooling,CLOSED,2017-07-30 15:15:40,2017-08-13 15:15:00,,2017-08-13 22:07:49,12
4776,2017 Sprint 12 Tooling,CLOSED,2017-06-04 23:19:28,2017-06-18 23:19:00,,2017-06-19 15:11:49,12
4777,2017 Sprint 12 SDK,CLOSED,2017-06-04 23:15:46,2017-06-18 23:15:00,,2017-06-19 15:09:23,12
4778,2017 Sprint 11 SDK,CLOSED,2017-05-22 01:41:18,2017-06-05 01:41:00,,2017-06-04 23:14:33,12
4779,2016 Sprint 13 SDK,CLOSED,2016-06-17 23:25:17,2016-07-01 23:25:00,,2016-07-04 03:25:17,12
4780,2017 Sprint 10 SDK,CLOSED,2017-05-07 23:27:50,2017-05-21 23:27:00,,2017-05-22 01:41:01,12
4781,2017 Sprint 10 Tooling,CLOSED,2017-05-07 23:27:34,2017-05-21 23:27:00,,2017-05-22 01:42:48,12
4782,2017 Sprint 01 SDK,CLOSED,2016-12-31 02:15:33,2017-01-14 02:15:00,,2017-01-15 00:00:19,12
4783,2017 Sprint 09 SDK,CLOSED,2017-04-23 20:46:54,2017-05-07 20:46:00,,2017-05-07 23:25:44,12
4784,2017 Sprint 09 Tooling,CLOSED,2017-04-23 20:40:52,2017-05-07 20:40:00,,2017-05-07 23:27:12,12
4785,2017 Sprint 08 Tooling,CLOSED,2017-04-10 14:37:01,2017-04-24 14:37:00,,2017-04-23 20:40:37,12
4786,2017 Sprint 07 Tooling,CLOSED,2017-03-26 21:02:47,2017-04-09 21:02:00,,2017-04-10 14:38:31,12
4787,2017 Sprint 08 SDK,CLOSED,2017-04-10 14:40:31,2017-04-24 14:40:00,,2017-04-23 20:46:37,12
4788,2017 Sprint 06 Tooling,CLOSED,2017-03-12 19:12:09,2017-03-26 18:12:00,,2017-03-26 21:02:35,12
4789,2016 Sprint 22 SDK,CLOSED,2016-10-21 23:02:30,2016-11-05 00:02:00,,2016-11-07 04:38:58,12
4790,2017 Sprint 06 SDK,CLOSED,2017-03-12 19:14:58,2017-03-26 18:14:00,,2017-03-26 21:01:16,12
4791,2017 Sprint 05 SDK,CLOSED,2017-02-26 17:39:21,2017-03-12 17:39:00,,2017-03-12 19:14:39,12
4792,2017 Sprint 05 Tooling,CLOSED,2017-02-26 17:42:58,2017-03-12 17:42:00,,2017-03-12 19:11:36,12
4793,2017 Sprint 07 SDK,CLOSED,2017-03-26 21:01:38,2017-04-09 21:01:00,,2017-04-10 14:40:14,12
4794,2017 Sprint 04 SDK,CLOSED,2017-02-12 23:36:01,2017-02-26 23:36:00,,2017-02-26 17:38:54,12
4795,2017 Sprint 03 Tooling,CLOSED,2017-01-28 16:13:07,2017-02-11 16:13:00,,2017-02-12 23:39:03,12
4796,2017 Sprint 04 Tooling,CLOSED,2017-02-12 23:40:44,2017-02-26 23:40:00,,2017-02-26 17:40:05,12
4797,2017 Sprint 03 SDK,CLOSED,2017-01-28 21:12:30,2017-02-12 21:12:00,,2017-02-12 23:37:15,12
4798,2017 Sprint 02 SDK,CLOSED,2017-01-15 00:00:42,2017-01-29 00:00:00,,2017-01-30 21:10:45,12
4799,2017 Sprint 02 Tooling,CLOSED,2017-01-15 00:01:58,2017-01-29 00:01:00,,2017-01-30 21:11:45,12
4800,2016 Sprint 26 SDK,CLOSED,2016-12-17 01:24:58,2016-12-31 01:24:00,,2017-01-03 02:15:02,12
4801,2016 Sprint 25 Tooling,CLOSED,2016-12-03 01:56:30,2016-12-17 01:56:00,,2016-12-21 03:17:01,12
4802,2016 Sprint 25 SDK,CLOSED,2016-12-03 01:53:07,2016-12-17 01:53:00,,2016-12-21 03:19:44,12
4803,2016 Sprint 26 Tooling,CLOSED,2016-12-17 01:25:00,2016-12-31 01:25:00,,2017-01-03 02:13:59,12
4804,2016 Sprint 24 SDK,CLOSED,2016-11-19 01:32:07,2016-12-03 01:32:00,,2016-12-05 01:53:38,12
4805,2016 Sprint 23 SDK,CLOSED,2016-11-05 00:39:37,2016-11-19 01:39:00,,2016-11-29 06:51:58,12
4806,2016 Sprint 23 Tooling,CLOSED,2016-11-05 00:40:36,2016-11-19 01:40:00,,2016-11-28 03:51:25,12
4807,2016 Sprint 22 Tooling,CLOSED,2016-10-21 23:20:00,2016-11-05 00:19:00,,2016-11-07 04:39:50,12
4808,2016 Sprint 21 SDK,CLOSED,2016-10-07 23:53:00,2016-10-21 23:53:00,,2016-10-24 02:58:09,12
4809,2016 Sprint 21 Tooling,CLOSED,2016-10-07 23:54:00,2016-10-21 23:54:00,,2016-10-24 03:18:14,12
4810,2016 Sprint 20 Tooling,CLOSED,2016-09-29 13:46:17,2016-10-13 13:46:00,,2016-10-10 05:21:05,12
4811,2016 Sprint 20 SDK,CLOSED,2016-09-28 15:50:17,2016-10-12 15:50:00,,2016-10-10 05:17:01,12
4812,2016 Sprint 19 Tooling,CLOSED,2016-09-09 23:25:31,2016-09-23 23:25:00,,2016-09-26 04:33:11,12
4813,2016 Sprint 19 SDK,CLOSED,2016-09-09 23:17:15,2016-09-23 23:17:00,,2016-09-26 04:17:04,12
4814,2015 Sprint 05 SDK,CLOSED,2015-02-28 15:50:09,2015-03-14 00:00:00,,2015-03-14 13:54:51,12
4815,2016 Sprint 18 SDK,CLOSED,2016-08-26 23:18:37,2016-09-09 23:18:00,,2016-09-09 19:26:14,12
4816,2016 Sprint 18 Tooling,CLOSED,2016-08-26 23:16:26,2016-09-09 23:16:00,,2016-09-13 19:21:37,12
4817,2016 Sprint 17 Tooling,CLOSED,2016-08-12 23:01:26,2016-08-26 23:01:00,,2016-08-29 02:15:36,12
4818,2016 Sprint 17 SDK,CLOSED,2016-08-12 23:00:17,2016-08-26 23:00:00,,2016-08-29 02:18:09,12
4819,2016 Sprint 08 SDK,CLOSED,2016-04-08 23:30:18,2016-04-22 23:30:00,,2016-04-25 01:38:29,12
4820,2016 Sprint 16 Tooling,CLOSED,2016-07-29 23:42:22,2016-08-12 23:42:00,,2016-08-15 07:01:40,12
4821,2016 Sprint 16 SDK,CLOSED,2016-07-29 23:40:03,2016-08-12 23:40:00,,2016-08-15 07:00:33,12
4822,2016 Sprint 15 SDK,CLOSED,2016-07-15 23:19:21,2016-07-29 23:19:00,,2016-08-01 03:40:11,12
4823,2016 Sprint 15 Tooling,CLOSED,2016-07-15 23:19:14,2016-07-29 23:19:00,,2016-08-01 03:41:26,12
4824,2016 Sprint 14 SDK,CLOSED,2016-07-01 23:25:58,2016-07-15 23:25:00,,2016-07-18 02:18:30,12
4825,2016 Sprint 14 Tooling,CLOSED,2016-07-01 23:26:00,2016-07-15 23:26:00,,2016-07-18 02:19:39,12
4826,2017 Sprint 01 Tooling,CLOSED,2016-12-31 02:14:38,2017-01-14 02:14:00,,2017-01-15 00:01:47,12
4827,2016 Sprint 13 Tooling,CLOSED,2016-06-17 23:27:06,2016-07-02 03:27:00,,2016-07-04 03:26:24,12
4828,2015 Sprint 24 SDK,CLOSED,2015-11-21 01:30:13,2015-12-05 01:30:00,,2015-12-07 03:57:17,12
4829,2016 Sprint 12 SDK,CLOSED,2016-06-03 23:30:29,2016-06-17 23:30:00,,2016-06-20 03:25:16,12
4830,2016 Sprint 11 SDK,CLOSED,2016-05-20 23:06:10,2016-06-03 23:06:00,,2016-06-06 06:30:40,12
4831,2016 Sprint 10 SDK,CLOSED,2016-05-06 23:43:57,2016-05-20 23:43:00,,2016-05-23 01:06:04,12
4832,2016 Sprint 09 SDK,CLOSED,2016-04-22 23:39:45,2016-05-06 23:39:00,,2016-05-09 02:43:10,12
4833,2016 Sprint 10 Tooling,CLOSED,2016-05-06 23:55:11,2016-05-20 23:55:00,,2016-05-23 01:09:18,12
4834,2016 Sprint 08 Tooling,CLOSED,2016-04-08 23:30:04,2016-04-22 23:30:00,,2016-04-25 01:58:13,12
4835,2016 Sprint 09 Tooling,CLOSED,2016-04-22 23:30:13,2016-05-06 23:30:00,,2016-05-09 02:55:41,12
4836,2016 Sprint 07 SDK,CLOSED,2016-03-26 00:38:56,2016-04-08 23:38:00,,2016-04-11 03:41:08,12
4837,2016 Sprint 06 SDK,CLOSED,2016-03-12 01:31:00,2016-03-26 00:30:00,,2016-03-28 02:38:10,12
4838,To Be Scheduled,CLOSED,2016-03-28 03:03:55,2016-04-08 03:03:00,,2016-03-29 03:09:04,12
4839,2016 Sprint 06 Tooling,CLOSED,2016-03-12 01:30:46,2016-03-26 00:30:00,,2016-03-28 02:31:23,12
4840,2016 Sprint 5 SDK,CLOSED,2016-02-27 01:30:43,2016-03-12 01:30:00,,2016-03-14 11:50:18,12
4841,2016 Sprint 05 Tooling,CLOSED,2016-02-27 01:30:54,2016-03-12 01:30:00,,2016-03-14 11:54:10,12
4842,2016 Sprint 4 SDK,CLOSED,2016-02-13 01:33:48,2016-02-27 01:33:00,,2016-02-29 03:44:49,12
4843,2016 Sprint 03 Tooling,CLOSED,2016-02-01 17:29:48,2016-02-12 17:29:00,,2016-02-17 05:30:51,12
4844,2016 Sprint 3 SDK,CLOSED,2016-01-30 01:31:49,2016-02-13 01:31:00,,2016-02-15 05:32:41,12
4845,2016 Sprint 04 Tooling,CLOSED,2016-02-13 01:31:30,2016-02-27 01:31:00,,2016-02-29 02:55:58,12
4846,2016 Sprint 2 SDK,CLOSED,2016-01-16 01:30:40,2016-01-30 01:30:00,,2016-01-31 01:27:08,12
4847,2016 Sprint 1 SDK,CLOSED,2016-01-02 01:31:50,2016-01-16 01:31:00,,2016-01-18 00:52:44,12
4848,2016 Sprint 01 Tooling,CLOSED,2016-01-04 21:10:00,2016-01-15 21:10:00,,2016-02-01 17:31:01,12
4849,2015 Sprint 26 SDK,CLOSED,2015-12-19 01:30:24,2016-01-02 01:30:00,,2016-01-04 02:31:00,12
4850,2015 Sprint 25 SDK,CLOSED,2015-12-05 01:30:40,2015-12-19 01:30:00,,2015-12-29 03:19:42,12
4851,2015 Sprint 23 SDK,CLOSED,2015-11-07 01:30:16,2015-11-21 01:30:00,,2015-11-23 02:54:28,12
4852,2015 Sprint 23 Tooling,CLOSED,2015-11-10 23:44:28,2015-11-21 02:44:00,,2015-11-23 20:21:45,12
4853,2015 Sprint 14 Studio,CLOSED,2015-07-06 15:47:28,2015-07-18 00:47:00,,2015-07-30 22:23:52,12
4854,2015 Sprint 22 SDK,CLOSED,2015-10-23 23:30:42,2015-11-07 01:30:00,,2015-11-09 02:37:29,12
4855,2015 Sprint 22 Tooling,CLOSED,2015-10-26 16:54:38,2015-11-07 02:54:00,,2015-11-10 23:31:40,12
4856,2015 Sprint 24 Tooling,CLOSED,2015-11-23 20:23:31,2015-12-05 02:23:00,,2015-12-07 18:44:26,12
4857,2015 Sprint 21 SDK,CLOSED,2015-10-09 23:32:18,2015-10-23 23:32:00,,2015-10-26 02:20:48,12
4858,2015 Sprint 21 Tooling,CLOSED,2015-10-12 20:15:57,2015-10-24 00:15:00,,2015-10-26 16:54:06,12
4859,2015 Sprint 25 Tooling,CLOSED,2015-12-07 18:48:43,2015-12-19 03:48:00,,2016-01-04 19:45:32,12
4860,2015 Sprint 20 SDK,CLOSED,2015-09-25 23:29:20,2015-10-09 23:29:00,,2015-10-12 04:33:31,12
4861,2015 Sprint 20 Tooling,CLOSED,2015-09-28 15:01:48,2015-10-10 00:01:00,,2015-10-12 20:13:40,12
4862,2015 Sprint 19 Windows,CLOSED,2015-09-13 03:01:58,2015-09-26 02:59:00,,2015-09-25 16:02:03,12
4863,2015 Sprint 19 Tooling,CLOSED,2015-09-14 15:11:58,2015-09-26 00:11:00,,2015-09-28 17:59:47,12
4864,2015 Sprint 19 SDK,CLOSED,2015-09-11 23:30:30,2015-09-25 23:30:00,,2015-09-28 01:29:14,12
4865,2015 Sprint 18 Tooling,CLOSED,2015-08-31 14:59:22,2015-09-11 23:59:00,,2015-09-14 22:09:59,12
4866,2015 Sprint 18 SDK,CLOSED,2015-08-28 23:30:25,2015-09-11 23:30:00,,2015-09-14 04:24:05,12
4867,2015 Sprint 18 Windows,CLOSED,2015-08-30 03:01:00,2015-09-12 02:59:00,,2015-09-14 16:29:29,12
4868,2015 Sprint 17 SDK,CLOSED,2015-08-14 23:30:59,2015-08-28 23:30:00,,2015-08-31 07:10:48,12
4869,2015 Sprint 17 Tooling,CLOSED,2015-08-17 15:09:50,2015-08-29 00:09:00,,2015-09-10 18:57:07,12
4870,2015 Sprint 17 Windows,CLOSED,2015-08-15 03:01:00,2015-08-29 02:59:00,,2015-08-28 12:51:24,12
4871,2015 Sprint 16 Tooling,CLOSED,2015-08-03 15:11:06,2015-08-15 00:11:00,,2015-08-17 23:59:18,12
4872,2015 Sprint 16 SDK,CLOSED,2015-07-31 23:30:05,2015-08-14 23:30:00,,2015-08-17 04:55:00,12
4873,2015 Sprint 16 Windows,CLOSED,2015-08-03 03:01:41,2015-08-15 02:59:00,,2015-08-14 19:06:52,12
4874,2015 Sprint 15 Tooling,CLOSED,2015-07-20 15:26:20,2015-08-08 00:26:00,,2015-08-03 19:10:37,12
4875,2015 Sprint 15 SDK,CLOSED,2015-07-17 23:30:29,2015-07-31 23:30:00,,2015-08-03 00:49:18,12
4876,2015 Sprint 15 Windows,CLOSED,2015-07-20 03:01:12,2015-08-02 02:59:00,,2015-08-03 22:03:05,12
4877,2015 Sprint 14 Tooling,CLOSED,2015-07-06 15:27:06,2015-07-18 00:27:00,,2015-07-20 16:26:13,12
4878,2015 Sprint 14 Windows,CLOSED,2015-07-06 03:01:53,2015-07-19 02:59:00,,2015-07-20 21:18:15,12
4879,2015 Sprint 13 SDK,CLOSED,2015-06-23 04:39:59,2015-07-03 23:30:00,,2015-07-07 03:59:44,12
4880,2015 Sprint 13 Windows,CLOSED,2015-06-20 22:02:44,2015-07-04 22:02:00,,2015-07-06 13:03:22,12
4881,2015 Sprint 14 SDK,CLOSED,2015-07-04 00:00:23,2015-07-18 00:00:00,,2015-07-28 05:37:47,12
4882,2015 Sprint 13 Tooling,CLOSED,2015-06-22 15:14:06,2015-07-04 00:14:00,,2015-07-07 17:27:38,12
4883,2015 Sprint 12 Windows,CLOSED,2015-06-07 00:15:20,2015-06-21 00:15:00,,2015-06-20 22:02:18,12
4884,2015 Sprint 12 SDK,CLOSED,2015-06-05 23:00:44,2015-06-19 23:00:00,,2015-06-23 04:41:36,12
4885,2015 Sprint 11 Windows,CLOSED,2015-05-23 02:59:00,2015-06-06 02:59:00,,2015-06-07 00:14:52,12
4886,2015 Sprint 11 SDK,CLOSED,2015-05-22 23:00:08,2015-06-05 23:00:00,,2015-06-08 15:18:16,12
4887,2015 Sprint 10 SDK,CLOSED,2015-05-08 23:00:53,2015-05-22 23:00:00,,2015-05-25 13:55:16,12
4888,2015 Sprint 10 Tooling,CLOSED,2015-05-08 23:00:32,2015-05-22 23:00:00,,2015-05-24 01:26:36,12
4889,2015 Sprint 10 Windows,CLOSED,2015-05-10 04:00:04,2015-05-24 02:59:00,,2015-05-22 15:34:57,12
4890,2015 Sprint 09 SDK,CLOSED,2015-04-24 23:00:00,2015-05-08 23:00:00,,2015-05-11 13:11:17,12
4891,2015 Sprint 09 Tooling,CLOSED,2015-04-24 23:00:32,2015-05-08 23:00:00,,2015-05-11 13:12:07,12
4892,2015 Sprint 11 Tooling,CLOSED,2015-05-23 01:31:08,2015-06-06 01:31:00,,2015-06-08 14:25:55,12
4893,2015 Sprint 9 DevOps,CLOSED,2015-04-24 23:00:03,2015-05-08 22:49:00,,2015-05-11 21:46:10,12
4894,2015 Sprint 09 Windows,CLOSED,2015-04-26 04:00:09,2015-05-10 02:59:00,,2015-05-11 12:20:24,12
4895,2015 Sprint 08 Tooling,CLOSED,2015-04-10 15:22:00,2015-04-24 23:00:00,,2015-04-30 18:39:26,12
4896,2015 Sprint 08 Windows,CLOSED,2015-04-12 03:01:21,2015-04-26 02:59:00,,2015-04-27 13:31:21,12
4897,2015 Sprint 08 SDK,CLOSED,2015-04-10 23:00:50,2015-04-24 11:00:00,,2015-04-28 14:02:06,12
4898,2015 Sprint 07 Tooling,CLOSED,2015-03-28 00:00:54,2015-04-24 23:00:00,,2015-04-13 15:16:20,12
4899,2015 Sprint 07 Windows,CLOSED,2015-03-29 04:00:59,2015-04-25 02:59:00,,2015-04-12 16:16:41,12
4900,2015 Sprint 07 SDK,CLOSED,2015-03-28 00:00:13,2015-04-10 23:00:00,,2015-04-13 15:25:29,12
4901,2015 Sprint 06 Windows,CLOSED,2015-03-14 13:58:11,2015-03-28 00:00:00,,2015-03-30 13:10:55,12
4902,2015 Sprint 06 SDK,CLOSED,2015-03-14 13:56:54,2015-03-28 00:00:00,,2015-03-30 16:32:34,12
4903,2015 Sprint 06 Tooling,CLOSED,2015-03-14 13:52:27,2015-03-28 00:00:00,,2015-03-30 15:43:14,12
4904,2015 Sprint 05 Windows,CLOSED,2015-02-28 16:04:51,2015-03-14 00:00:00,,2015-03-14 13:58:44,12
4905,2015 Sprint 05 Tooling,CLOSED,2015-02-28 15:56:04,2015-03-14 00:00:00,,2015-03-14 01:06:35,12
4906,2015 Sprint 04 Tooling,CLOSED,2015-02-14 02:34:21,2015-02-28 02:34:00,,2015-02-28 15:51:33,12
4907,2015 Sprint 04 Windows,CLOSED,2015-02-14 01:00:07,2015-02-28 01:00:00,,2015-02-28 15:59:53,12
4908,2015 Sprint 04 SDK,CLOSED,2015-02-14 01:00:53,2015-03-01 01:00:00,,2015-02-28 15:39:44,12
4909,2015 Sprint 03 SDK,CLOSED,2015-01-31 01:00:05,2015-02-14 01:00:00,,2015-02-16 21:01:52,12
4910,2015 Sprint 03 Windows,CLOSED,2015-01-31 01:00:00,2015-02-14 01:00:00,,2015-02-16 21:05:07,12
4911,2015 Sprint 03 Tooling,CLOSED,2015-01-31 03:56:17,2015-02-14 02:30:00,,2015-02-14 02:18:47,12
4912,2015 Sprint 03 Documentation,CLOSED,2015-01-31 01:00:50,2015-02-14 01:00:00,,2015-02-16 21:06:40,12
4913,2015 Sprint 02 Windows,CLOSED,2015-01-17 01:00:51,2015-01-31 01:00:00,,2015-01-30 23:07:53,12
4914,2017 Sprint 21 Tooling,CLOSED,2017-10-08 19:39:50,2017-10-22 19:39:00,,2017-10-24 22:57:14,12
4915,2015 Sprint 02 SDK,CLOSED,2015-01-17 01:00:17,2015-01-31 01:00:00,,2015-02-02 14:36:10,12
4916,2015 Sprint 02 Tooling,CLOSED,2015-01-17 02:00:00,2015-01-31 01:00:00,,2015-01-31 03:36:53,12
4917,2015 Sprint 01 SDK,CLOSED,2015-01-03 01:00:00,2015-01-17 01:00:00,,2015-01-19 17:24:41,12
4918,2015 Sprint 01 Tooling,CLOSED,2015-01-03 17:30:00,2015-01-17 01:00:00,,2015-01-17 00:48:12,12
4919,2015 Sprint 01 Windows,CLOSED,2015-01-04 01:00:00,2015-01-17 01:00:00,,2015-01-19 17:24:53,12
4920,2014 Sprint 25 SDK,CLOSED,2014-12-08 22:49:31,2014-12-22 01:00:00,,2015-01-05 18:18:29,12
4921,2014 Sprint 25 Tooling,CLOSED,2014-12-08 17:30:22,2014-12-20 02:30:00,,2014-12-29 18:24:10,12
4922,2014 Sprint 24 SDK,CLOSED,2014-11-24 22:28:25,2014-12-06 01:00:00,,2014-12-08 17:21:15,12
4923,2014 Sprint 24 Tooling,CLOSED,2014-11-24 17:45:54,2014-12-06 02:47:00,,2014-12-08 17:25:44,12
4924,2014 Sprint 23 Tooling,CLOSED,2014-11-10 21:34:40,2014-11-22 01:00:00,,2014-11-24 17:27:17,12
4925,2014 Sprint 23 SDK,CLOSED,2014-11-10 22:56:45,2014-11-22 01:00:00,,2014-11-22 05:03:37,12
4926,2014 Sprint 22 QE Client,CLOSED,2014-10-25 22:40:14,2014-11-09 00:41:00,,2014-11-17 19:43:50,12
4927,2014 Sprint 22 Studio,CLOSED,2014-10-27 15:59:36,2014-11-08 02:30:00,,2014-11-10 06:04:44,12
4928,2014 Sprint 22 SDK,CLOSED,2014-10-27 22:25:43,2014-11-08 01:00:00,,2014-11-10 20:10:01,12
4929,2014 Sprint 21 SDK,CLOSED,2014-10-13 21:00:57,2014-10-24 23:00:00,,2014-10-27 16:33:06,12
4930,2014 Sprint 22 Tooling,CLOSED,2014-10-27 20:31:23,2014-11-08 01:00:00,,2014-11-10 19:26:04,12
4931,2014 Sprint 20 Tooling,CLOSED,2014-09-29 21:38:08,2014-10-13 22:19:00,,2014-10-13 22:19:33,12
4932,2014 Sprint 20 SDK,CLOSED,2014-09-29 21:32:25,2014-10-13 17:25:00,,2014-10-13 17:25:46,12
4933,2014 Sprint 19 SDK,CLOSED,2014-09-18 20:06:28,2014-09-26 23:00:00,,2014-09-29 12:58:58,12
4934,2014 Sprint 13 SDK,CLOSED,2014-06-23 20:55:21,2014-07-03 23:00:00,,2014-07-07 16:32:19,12
4935,2014 Sprint 19 Tooling,CLOSED,2014-09-15 19:19:34,2014-09-26 23:00:00,,2014-09-29 13:02:08,12
4936,2014 Sprint 18 Tooling,CLOSED,2014-09-02 19:24:55,2014-09-12 23:00:00,,2014-09-15 19:08:40,12
4937,2014 Sprint 18 SDK,CLOSED,2014-09-02 21:56:57,2014-09-12 23:00:00,,2014-09-15 19:08:19,12
4938,2014 Sprint 17 Tooling,CLOSED,2014-08-21 21:08:00,2014-08-29 23:00:00,,2014-09-02 06:54:24,12
4939,2014 Sprint 15 SDK,CLOSED,2014-07-21 20:56:32,2014-08-01 23:00:00,,2014-08-04 20:03:51,12
4940,2014 Sprint 17 SDK,CLOSED,2014-08-21 21:07:00,2014-08-29 23:00:00,,2014-09-02 18:56:26,12
4941,2014 Sprint 16 SDK,CLOSED,2014-08-04 21:09:19,2014-08-14 23:00:00,,2014-08-18 20:17:18,12
4942,2014 Sprint 15 Tooling,CLOSED,2014-07-21 21:15:26,2014-08-01 23:00:00,,2014-08-04 13:51:14,12
4943,2014 Sprint 14 Tooling,CLOSED,2014-07-07 20:56:44,2014-07-18 23:00:00,,2014-07-21 14:58:26,12
4944,2016 Sprint 07 Tooling,CLOSED,2016-03-26 00:40:49,2016-04-08 23:40:00,,2016-04-11 03:48:58,12
4945,2014 Sprint 14 SDK,CLOSED,2014-07-07 20:48:52,2014-07-18 23:00:00,,2014-07-21 14:58:33,12
4946,2014 Sprint 13 Tooling,CLOSED,2014-06-23 22:44:05,2014-07-03 23:00:00,,2014-07-07 15:26:26,12
4947,2014 Sprint 12 Tooling,CLOSED,2014-06-12 19:52:40,2014-06-20 23:00:00,,2014-06-23 22:24:41,12
4948,2014 Sprint 12 SDK,CLOSED,2014-06-09 20:51:17,2014-06-20 23:00:00,,2014-06-23 15:52:30,12
4949,2014 Sprint 11 Tooling,CLOSED,2014-05-27 15:30:27,2014-06-07 00:30:00,,2014-06-12 19:51:59,12
4950,2014 Sprint 11 SDK,CLOSED,2014-05-27 20:43:32,2014-06-06 23:00:00,,2014-06-09 20:36:38,12
4951,2014 Sprint 11 Studio,CLOSED,2014-05-27 15:00:38,2014-06-07 00:00:00,,2014-06-09 13:52:16,12
4952,2014 Sprint 10 SDK,CLOSED,2014-05-12 15:00:00,2014-05-23 23:00:00,,2014-05-27 17:11:47,12
4953,2014 Sprint 10 Tooling,CLOSED,2014-05-12 15:00:00,2014-05-23 23:00:00,,2014-05-27 17:11:27,12
4954,2014 Sprint 09 Tooling,CLOSED,2014-04-28 14:43:24,2014-05-10 02:44:00,,2014-05-12 12:36:16,12
4955,Sprint 34 2018 - Jean Grey,CLOSED,2018-10-26 19:51:05,2018-11-02 20:51:00,,2018-11-02 20:36:19,12
4956,2013 Sprint 02 BB,CLOSED,2013-01-14 18:21:00,2013-01-28 18:21:00,,2013-02-04 19:43:51,12
4957,2013 Sprint 25,CLOSED,2013-12-02 22:12:56,2013-12-15 22:12:56,,2013-12-16 16:59:16,12
4958,2013 Sprint 24,CLOSED,2013-11-19 19:13:37,2013-12-01 19:13:37,,2013-12-03 18:22:18,12
4959,2013 Sprint 23,CLOSED,2013-11-04 23:11:22,2013-11-16 04:11:00,,2013-11-21 16:47:18,12
4960,2013 Sprint 18,CLOSED,2013-08-27 19:50:19,2013-09-06 19:49:19,,2013-09-26 15:02:06,12
4961,2013 Sprint 16,CLOSED,2013-07-30 22:54:12,2013-08-12 22:54:12,,2013-09-26 15:01:49,12
4962,2013 Sprint 17,CLOSED,2013-08-13 23:48:00,2013-08-23 23:48:00,,2013-09-26 15:01:57,12
4963,2013 Sprint 14,CLOSED,2013-07-02 19:29:00,2013-07-15 19:29:00,,2013-09-26 15:01:32,12
4964,2013 Sprint 19,CLOSED,2013-09-09 21:34:05,2013-09-20 21:34:05,,2013-09-26 15:02:13,12
4965,2013 Sprint 03 BB,CLOSED,2013-02-04 19:45:10,2013-02-11 19:44:10,,2013-04-19 15:42:35,12
4966,Release 3.0.0,CLOSED,2012-09-27 04:26:47,2012-10-08 19:05:00,,2012-12-20 17:03:19,12
4967,2012 Sprint 26,CLOSED,2012-12-19 16:45:47,2013-01-02 16:45:47,,2012-12-29 20:40:34,12
4968,2012 Sprint 25,CLOSED,2012-12-10 22:00:07,2012-12-17 22:01:07,,2012-12-18 16:52:12,12
4969,2012 Sprint 24,CLOSED,2012-11-21 03:07:35,2012-12-04 03:07:35,,2012-12-10 21:15:25,12
4970,2012 Sprint 23,CLOSED,2012-11-07 23:26:41,2012-11-20 01:59:00,,2012-11-21 02:58:24,12
4507,2020 Sprint 10,CLOSED,2020-05-08 16:37:58,2020-05-22 16:37:00,,2020-05-21 15:26:11,13
4508,2020 Sprint 7,CLOSED,2020-04-13 17:48:00,2020-04-24 17:48:00,,2020-04-23 18:07:57,13
4509,2020 Sprint 6,CLOSED,2020-03-16 21:38:00,2020-03-27 21:38:00,,2020-03-27 16:02:03,13
4510,2020 Sprint 5,CLOSED,2020-03-02 18:45:03,2020-03-13 18:45:00,,2020-03-13 16:42:05,13
4511,2020 Sprint 2,CLOSED,2020-01-20 17:44:38,2020-01-31 17:44:00,,2020-01-31 16:57:45,13
4512,2020 Sprint 3,CLOSED,2020-02-03 16:58:00,2020-02-14 16:58:00,,2020-02-17 09:45:06,13
4513,2019 Sprint 24,CLOSED,2019-11-18 16:40:09,2019-12-01 16:40:00,,2019-12-02 23:06:25,13
4514,2019 Sprint 23,CLOSED,2019-11-04 18:38:15,2019-11-17 18:38:00,,2019-11-18 16:38:18,13
4515,2019 Sprint 17,CLOSED,2019-08-12 07:59:29,2019-08-25 07:59:00,,2019-08-26 15:35:30,13
4516,2019 Sprint 13,CLOSED,2019-06-18 06:36:50,2019-07-01 06:36:00,,2019-07-01 16:45:24,13
4517,2019 Sprint 14,CLOSED,2019-07-01 16:55:05,2019-07-14 16:55:00,,2019-07-15 15:41:02,13
4518,2019 Sprint 10,CLOSED,2019-04-28 22:06:00,2019-05-17 22:06:00,,2019-05-20 16:48:43,13
4519,2019 Sprint 6,CLOSED,2019-03-03 22:20:00,2019-03-15 22:20:00,,2019-03-18 17:26:43,13
4520,2019 Sprint 4,CLOSED,2019-02-11 16:16:38,2019-02-23 16:16:00,,2019-02-24 18:35:43,13
4521,2018 Sprint 24 Studio,CLOSED,2018-11-19 05:21:34,2018-12-03 05:21:00,,2019-05-08 17:38:25,13
4522,2018 Sprint 23 Studio,CLOSED,2018-11-05 06:41:35,2018-11-19 06:41:00,,2018-11-19 05:20:09,13
4523,2018 Sprint 22 Studio,CLOSED,2018-10-21 18:16:48,2018-11-04 18:16:00,,2018-11-05 06:39:21,13
4524,2018 Sprint 21 Studio,CLOSED,2018-10-08 02:09:07,2018-10-22 02:09:00,,2018-10-22 18:15:57,13
4525,2018 Sprint 20 Studio,CLOSED,2018-09-24 06:49:43,2018-10-08 06:49:00,,2018-10-08 02:09:14,13
4526,2018 Sprint 19 Studio,CLOSED,2018-09-10 06:49:03,2018-09-24 06:49:00,,2018-09-24 06:47:43,13
4527,2018 Sprint 18 Studio,CLOSED,2018-08-27 00:08:08,2018-09-10 00:08:00,,2018-09-10 06:30:40,13
4528,2018 Sprint 16 Studio,CLOSED,2018-07-30 06:35:58,2018-08-13 06:35:00,,2018-08-14 04:28:27,13
4529,2018 Sprint 15 SDK,CLOSED,2018-07-15 21:52:05,2018-07-29 21:52:00,,2018-07-29 22:25:12,13
4530,2018 Sprint 15 Studio,CLOSED,2018-07-16 04:32:41,2018-07-30 03:32:00,,2018-07-30 06:33:18,13
4531,2018 Sprint 14 Studio,CLOSED,2018-07-02 04:40:52,2018-07-16 03:40:00,,2018-07-16 04:05:05,13
4532,2018 Sprint 13 Studio,CLOSED,2018-06-17 09:13:49,2018-07-01 08:13:00,,2018-07-02 04:37:57,13
4533,2018 Sprint 17 Studio,CLOSED,2018-08-13 04:31:36,2018-08-27 04:31:00,,2018-08-28 00:05:35,13
4534,2018 Sprint 12 Studio,CLOSED,2018-06-04 07:22:31,2018-06-17 06:22:00,,2018-06-19 03:44:41,13
4535,2018 Sprint 10 Studio,CLOSED,2018-05-07 06:44:11,2018-05-21 05:44:00,,2018-05-29 11:24:12,13
4536,2018 Sprint 11 Studio,CLOSED,2018-05-21 11:24:49,2018-06-03 10:24:00,,2018-06-04 07:19:23,13
4537,2018 Sprint 09 Studio,CLOSED,2018-04-23 04:09:29,2018-05-07 03:09:00,,2018-05-07 06:39:19,13
4538,2018 Sprint 08 Studio,CLOSED,2018-04-09 04:14:02,2018-04-23 03:14:00,,2018-04-23 03:58:37,13
4539,2018 Sprint 07 Studio,CLOSED,2018-03-26 02:49:14,2018-04-09 01:49:00,,2018-04-09 04:13:52,13
4540,2018 Sprint 06 Studio,CLOSED,2018-03-12 05:00:09,2018-03-26 05:00:00,,2018-03-26 02:47:29,13
4541,2018 Sprint 05 Studio,CLOSED,2018-02-26 05:22:00,2018-03-12 05:21:00,,2018-03-12 04:52:25,13
4542,2018 Sprint 04 Studio,CLOSED,2018-02-12 06:12:53,2018-02-26 06:12:00,,2018-02-26 05:20:52,13
4543,2018 Sprint 03 Studio,CLOSED,2018-01-30 02:32:51,2018-02-13 02:32:00,,2018-02-12 06:11:50,13
4544,2018 Sprint 02 Studio,CLOSED,2018-01-16 06:00:43,2018-01-30 06:00:00,,2018-01-30 02:19:37,13
4545,2018 Sprint 01 Studio,CLOSED,2018-01-02 06:01:57,2018-01-16 06:01:00,,2018-01-18 04:39:09,13
4546,2017 Sprint 26 Studio,CLOSED,2017-12-18 07:41:29,2018-01-01 07:41:00,,2018-01-04 04:45:10,13
4547,2017 Sprint 25 Studio,CLOSED,2017-12-05 02:57:18,2017-12-19 02:57:00,,2017-12-18 06:21:52,13
4548,2017 Sprint 24 Studio,CLOSED,2017-11-21 07:20:41,2017-12-05 07:20:00,,2017-12-01 21:41:16,13
4549,2017 Sprint 23 Studio,CLOSED,2017-11-06 10:37:49,2017-11-20 10:37:00,,2017-11-21 07:01:47,13
4550,2017 Sprint 22 Studio,CLOSED,2017-10-23 16:33:30,2017-11-06 16:33:00,,2017-11-06 10:36:13,13
4551,2017 Sprint 21 Studio,CLOSED,2017-10-10 03:21:38,2017-10-24 03:21:00,,2017-10-23 16:27:59,13
4552,2017 Sprint 20 Studio,CLOSED,2017-09-26 06:09:00,2017-10-10 06:09:00,,2017-10-09 09:37:17,13
4553,2017 Sprint 19 Studio,CLOSED,2017-09-12 04:39:50,2017-09-26 04:39:00,,2017-09-25 05:58:57,13
4554,2017 Sprint 18 Studio,CLOSED,2017-08-28 09:05:32,2017-09-11 09:05:00,,2017-09-19 04:17:47,13
4555,2017 Sprint 16 Studio,CLOSED,2017-08-01 04:48:09,2017-08-15 04:48:00,,2017-08-14 09:33:01,13
4556,2017 Sprint 17 Studio,CLOSED,2017-08-15 03:20:31,2017-08-29 03:20:00,,2017-09-01 03:06:43,13
4557,2017 Sprint 15 Studio,CLOSED,2017-07-17 23:50:30,2017-07-31 23:50:00,,2017-08-01 04:39:23,13
4558,2017 Sprint 14 Studio,CLOSED,2017-07-04 04:21:10,2017-07-18 04:21:00,,2017-07-19 02:15:20,13
4559,2017 Sprint 13 Studio,CLOSED,2017-06-19 23:50:20,2017-07-03 23:50:00,,2017-07-04 04:19:24,13
4560,2017 Sprint 13 QE,CLOSED,2017-06-19 21:12:17,2017-07-02 21:12:00,,2018-01-18 06:00:00,13
4561,2017 Sprint 12 Studio,CLOSED,2017-06-05 09:04:53,2017-06-19 09:04:00,,2017-06-20 06:04:07,13
4562,2017 Sprint 02 Tooling,CLOSED,2017-01-15 00:01:58,2017-01-29 00:01:00,,2017-01-30 21:11:45,13
4563,2017 Sprint 10 Studio,CLOSED,2017-05-09 04:02:01,2017-05-23 04:02:00,,2017-05-24 07:24:40,13
4564,2016 Sprint 21 Tooling,CLOSED,2016-10-08 00:54:00,2016-10-22 00:54:00,,2016-10-24 04:18:14,13
4565,2016 Sprint 21 Studio,CLOSED,2016-10-11 05:50:22,2016-10-25 05:50:00,,2016-10-25 06:55:27,13
4566,2017 Sprint 11 Studio,CLOSED,2017-05-22 07:25:46,2017-06-05 07:25:00,,2017-06-05 09:03:33,13
4567,2017 Sprint 08 Studio,CLOSED,2017-04-10 13:36:33,2017-04-24 13:36:00,,2017-04-25 02:22:59,13
4568,2017 Sprint 09 Studio,CLOSED,2017-04-25 02:31:16,2017-05-09 02:31:00,,2017-05-09 03:57:20,13
4569,2017 Sprint 07 Studio,CLOSED,2017-03-27 16:19:12,2017-04-10 16:19:00,,2017-04-10 08:28:41,13
4570,2017 Sprint 06 Studio,CLOSED,2017-03-14 04:46:00,2017-03-27 04:46:00,,2017-03-27 16:18:48,13
4571,2017 Sprint 05 Studio,CLOSED,2017-02-28 01:37:43,2017-03-14 01:37:00,,2017-03-13 04:44:32,13
4572,2017 Sprint 04 Studio,CLOSED,2017-02-14 13:56:19,2017-02-27 13:56:00,,2017-02-28 01:09:15,13
4573,2017 Sprint 03 Studio,CLOSED,2017-01-31 03:38:31,2017-02-14 03:38:00,,2017-02-14 10:40:08,13
4574,2017 Sprint 01 Tooling,CLOSED,2016-12-31 02:14:38,2017-01-14 02:14:00,,2017-01-15 00:01:47,13
4575,2017 Sprint 02 Studio,CLOSED,2017-01-16 11:19:10,2017-01-30 11:19:00,,2017-01-31 03:33:16,13
4576,2016 Sprint 13 Studio,CLOSED,2016-06-22 05:27:48,2016-07-06 05:27:00,,2016-07-04 03:56:53,13
4577,2016 Sprint 25 Studio,CLOSED,2016-12-06 04:21:54,2016-12-20 04:21:00,,2017-01-03 03:57:50,13
4578,2017 Sprint 01 Studio,CLOSED,2017-01-03 05:03:02,2017-01-17 05:03:00,,2017-01-16 08:29:09,13
4579,2016 Sprint 23 Studio,CLOSED,2016-11-08 02:46:01,2016-11-22 02:46:00,,2016-11-28 03:29:09,13
4580,2016 Sprint 24 Studio,CLOSED,2016-11-23 03:31:02,2016-12-06 03:31:00,,2016-12-06 03:54:11,13
4581,2016 Sprint 22 Studio,CLOSED,2016-10-25 10:17:13,2016-11-08 10:17:00,,2016-11-12 02:56:20,13
4582,2016 Sprint 20 Studio,CLOSED,2016-09-27 15:50:49,2016-10-11 15:50:00,,2016-10-11 01:57:23,13
4583,2016 Sprint 19 Studio,CLOSED,2016-09-13 09:24:23,2016-09-27 09:24:00,,2016-09-27 10:26:41,13
4584,2016 Sprint 18 Studio,CLOSED,2016-08-30 04:31:35,2016-09-13 04:31:00,,2016-09-13 09:10:24,13
4585,2016 Sprint 17 Tooling,CLOSED,2016-08-13 00:01:26,2016-08-27 00:01:00,,2016-08-29 03:15:36,13
4586,2016 Sprint 17 Studio,CLOSED,2016-08-16 08:09:38,2016-08-30 08:09:00,,2016-08-30 04:20:42,13
4587,2016 Sprint 16 Studio,CLOSED,2016-08-01 04:15:03,2016-08-15 04:15:00,,2016-08-16 07:53:57,13
4588,2016 Sprint 15 Studio,CLOSED,2016-07-18 05:40:15,2016-08-01 05:40:00,,2016-08-01 04:08:48,13
4589,2016 Sprint 14 Studio,CLOSED,2016-07-05 04:35:12,2016-07-19 04:35:00,,2016-07-18 05:29:31,13
4590,2016 Sprint 12 Studio,CLOSED,2016-06-07 05:23:04,2016-06-21 05:23:00,,2016-06-21 09:08:18,13
4591,2016 Sprint 11 Studio,CLOSED,2016-05-24 04:37:45,2016-06-07 04:37:00,,2016-06-07 05:04:27,13
4592,2016 Sprint 10 Studio,CLOSED,2016-05-10 04:20:18,2016-05-24 04:20:00,,2016-05-24 04:07:06,13
4593,2015 Sprint 22 Studio,CLOSED,2015-10-26 16:25:53,2015-11-07 03:25:00,,2015-11-10 00:23:26,13
4594,2016 Sprint 09 Studio,CLOSED,2016-04-25 04:38:41,2016-05-10 04:38:00,,2016-05-10 04:19:43,13
4595,2016 Sprint 08 Studio,CLOSED,2016-04-12 02:45:16,2016-04-26 02:45:00,,2016-04-21 11:35:36,13
4596,2016 Sprint 07 Studio,CLOSED,2016-03-29 05:51:59,2016-04-12 05:51:00,,2016-04-12 02:44:44,13
4597,2016 Sprint 1 SDK,CLOSED,2016-01-02 01:31:50,2016-01-16 01:31:00,,2016-01-18 00:52:44,13
4598,2016 Sprint 06 Studio,CLOSED,2016-03-15 03:37:04,2016-03-29 03:37:00,,2016-03-29 04:59:10,13
4599,To Be Scheduled,CLOSED,2016-03-28 04:03:55,2016-04-08 04:03:00,,2016-03-29 04:09:04,13
4600,2016 Sprint 05 Studio,CLOSED,2016-03-01 03:32:00,2016-03-15 03:31:00,,2016-03-15 03:28:32,13
4601,2016 Sprint 03 Studio,CLOSED,2016-02-02 06:13:34,2016-02-13 06:13:00,,2016-02-16 23:28:47,13
4602,2016 Sprint 04 Studio,CLOSED,2016-02-16 23:29:22,2016-03-01 23:29:00,,2016-03-01 03:26:46,13
4603,2016 Sprint 02 Studio,CLOSED,2016-01-19 03:31:22,2016-02-02 03:31:00,,2016-02-04 04:42:02,13
4604,2016 Sprint 01 Studio,CLOSED,2016-01-05 03:50:57,2016-01-19 03:50:00,,2016-01-19 02:42:10,13
4605,2015 Sprint 26 Studio,CLOSED,2015-12-22 03:48:07,2016-01-05 03:48:00,,2016-01-04 22:18:31,13
4606,2015 Sprint 25 Studio,CLOSED,2015-12-08 05:48:27,2015-12-21 17:48:00,,2015-12-23 00:55:33,13
4607,2015 Sprint 24 Studio,CLOSED,2015-11-23 23:53:47,2015-12-05 02:53:00,,2015-12-07 23:45:38,13
4608,2015 Sprint 23 Tooling,CLOSED,2015-11-10 23:44:28,2015-11-21 02:44:00,,2015-11-23 20:21:45,13
4609,2015 Sprint 23 Studio,CLOSED,2015-11-10 00:23:22,2015-11-21 02:23:00,,2015-11-23 23:52:20,13
4610,2015 Sprint 17 Studio,CLOSED,2015-08-17 16:05:34,2015-08-29 01:05:00,,2015-09-09 23:57:53,13
4611,2015 Sprint 21 Studio,CLOSED,2015-10-12 21:20:32,2015-10-24 01:20:00,,2015-10-26 16:25:30,13
4612,2015 Sprint 20 Tooling,CLOSED,2015-09-28 16:01:48,2015-10-10 01:01:00,,2015-10-12 21:13:40,13
4613,2015 Sprint 20 Studio,CLOSED,2015-09-28 15:54:31,2015-10-10 01:54:00,,2015-10-12 21:09:09,13
4614,2015 Sprint 19 Studio,CLOSED,2015-09-14 16:40:52,2015-09-26 01:40:00,,2015-09-28 16:05:52,13
4615,2018 Sprint 05 SDK,CLOSED,2018-02-25 19:38:09,2018-03-11 18:38:00,,2018-03-11 22:06:02,13
4616,2015 Sprint 16 Studio,CLOSED,2015-08-03 16:06:07,2015-08-15 01:06:00,,2015-08-17 19:04:57,13
4617,2015 Sprint 14 Studio,CLOSED,2015-07-06 16:47:28,2015-07-18 01:47:00,,2015-07-30 23:23:52,13
4618,2015 Sprint 13 Studio,CLOSED,2015-06-22 16:14:27,2015-07-04 01:14:00,,2015-07-06 17:41:41,13
4619,2015 Sprint 12 Studio,CLOSED,2015-06-06 00:00:55,2015-06-20 00:00:00,,2015-06-22 17:59:55,13
4620,2015 Sprint 18 Studio,CLOSED,2015-09-01 16:00:30,2015-09-12 00:00:00,,2015-09-14 22:38:24,13
4621,2015 Sprint 11 Studio,CLOSED,2015-05-23 02:20:40,2015-06-06 02:20:00,,2015-06-06 02:02:37,13
4622,2015 Sprint 10 Studio,CLOSED,2015-05-11 13:55:58,2015-05-23 01:55:00,,2015-05-24 02:15:48,13
4623,2015 Sprint 09 Studio,CLOSED,2015-04-25 00:00:41,2015-05-09 00:00:00,,2015-05-11 13:53:49,13
4624,2015 Sprint 08 Studio,CLOSED,2015-04-11 00:00:57,2015-04-25 00:00:00,,2015-04-30 19:41:45,13
4625,2015 Sprint 07 Studio,CLOSED,2015-03-30 15:42:00,2015-04-11 03:42:00,,2015-04-13 16:11:51,13
4626,2015 Sprint 06 Studio,CLOSED,2015-03-14 13:54:24,2015-03-28 00:00:00,,2015-03-30 03:40:17,13
4627,2015 Sprint 04 Studio,CLOSED,2015-02-14 02:39:48,2015-02-28 02:39:00,,2015-02-28 15:57:23,13
4628,2015 Sprint 03 Studio,CLOSED,2015-01-31 03:57:19,2015-02-14 02:30:00,,2015-02-14 02:39:22,13
4629,2015 Sprint 05 Studio,CLOSED,2015-02-28 15:57:11,2015-03-14 00:00:00,,2015-03-14 01:05:45,13
4630,2015 Sprint 02 Studio,CLOSED,2015-01-17 01:00:00,2015-01-31 02:00:00,,2015-01-31 03:37:36,13
4631,2015 Sprint 01 Studio,CLOSED,2015-01-02 17:30:00,2015-01-17 01:00:00,,2015-01-17 01:48:39,13
4632,2014 Sprint 25 Studio,CLOSED,2014-12-08 17:32:32,2014-12-20 02:32:00,,2014-12-20 01:48:42,13
4633,2014 Sprint 23 Studio,CLOSED,2014-11-10 17:30:47,2014-11-22 02:30:00,,2014-11-22 05:04:40,13
4634,2014 Sprint 24 Studio,CLOSED,2014-11-24 17:30:10,2014-12-06 02:55:00,,2014-12-07 19:06:36,13
4635,2014 Sprint 22 Studio,CLOSED,2014-10-27 15:59:36,2014-11-08 02:30:00,,2014-11-10 06:04:44,13
4636,2014 Sprint 21 Studio,CLOSED,2014-10-13 15:41:34,2014-10-25 01:41:00,,2014-10-25 02:09:35,13
4637,2014 Sprint 20 Studio,CLOSED,2014-09-29 17:05:08,2014-10-11 01:05:00,,2014-10-11 00:46:08,13
4638,2014 Sprint 19 Studio,CLOSED,2014-09-15 16:00:13,2014-09-27 01:00:00,,2014-09-29 14:02:53,13
4639,2014 Sprint 18 Studio,CLOSED,2014-09-02 16:08:00,2014-09-13 01:08:00,,2014-09-15 15:12:55,13
4640,2014 Sprint 17 Studio,CLOSED,2014-08-18 16:06:19,2014-08-30 02:06:00,,2014-09-02 07:05:00,13
4641,2014 Sprint 16 Studio,CLOSED,2014-08-04 16:36:42,2014-08-16 01:36:00,,2014-08-18 08:08:27,13
4642,2014 Sprint 15 Studio,CLOSED,2014-07-21 16:48:34,2014-08-02 01:48:00,,2014-08-02 03:11:07,13
4643,2014 Sprint 14 Studio,CLOSED,2014-07-07 21:58:33,2014-07-19 00:00:00,,2014-07-21 15:58:13,13
4644,2014 Sprint 13 Studio,CLOSED,2014-06-23 16:22:31,2014-07-04 00:00:00,,2014-07-05 09:54:33,13
4645,2014 Sprint 12 Studio,CLOSED,2014-06-09 15:05:33,2014-06-21 01:31:00,,2014-06-23 17:05:44,13
4646,2014 Sprint 11 Studio,CLOSED,2014-05-27 16:00:38,2014-06-07 01:00:00,,2014-06-09 14:52:16,13
4647,2014 Sprint 10 Studio,CLOSED,2014-05-12 16:00:00,2014-05-24 00:00:00,,2014-05-26 23:48:54,13
4648,2014 Sprint 09 Tooling,CLOSED,2014-04-28 15:43:24,2014-05-10 03:44:00,,2014-05-12 13:36:16,13
4649,2014 Sprint 08,CLOSED,2014-04-14 16:00:00,2014-04-26 02:36:00,,2014-04-28 15:27:03,13
4650,2014 Sprint 07,CLOSED,2014-03-31 14:31:35,2014-04-12 02:32:35,,2014-04-14 05:54:15,13
4651,2014 Sprint 06,CLOSED,2014-03-17 16:00:00,2014-03-31 02:29:00,,2014-03-31 14:27:58,13
4652,2014 Sprint 05,CLOSED,2014-03-03 18:55:29,2014-03-17 18:55:29,,2014-03-17 02:23:55,13
4653,2014 Sprint 03,CLOSED,2014-02-03 23:29:46,2014-02-16 23:29:46,,2014-02-27 21:07:49,13
4654,2014 Sprint 01,CLOSED,2014-01-06 22:45:17,2014-01-19 22:46:17,,2014-01-28 17:43:56,13
4655,2013 Sprint 26,CLOSED,2013-12-16 05:19:34,2013-12-30 05:19:34,,2014-01-07 17:15:59,13
4656,2013 Sprint 25,CLOSED,2013-12-02 22:12:56,2013-12-15 22:12:56,,2013-12-16 16:59:16,13
4657,2013 Sprint 24,CLOSED,2013-11-19 19:13:37,2013-12-01 19:13:37,,2013-12-03 18:22:18,13
4658,2013 Sprint 23,CLOSED,2013-11-04 23:11:22,2013-11-16 04:11:00,,2013-11-21 16:47:18,13
4659,2013 Sprint 22,CLOSED,2013-10-21 20:22:56,2013-11-03 21:23:56,,2013-11-21 16:47:06,13
4660,2013 Sprint 21,CLOSED,2013-10-08 00:24:28,2013-10-19 00:24:28,,2013-10-24 17:40:23,13
4661,2013 Sprint 20,CLOSED,2013-09-23 21:56:10,2013-10-07 00:01:10,,2013-10-08 19:26:08,13
4662,2013 Sprint 19,CLOSED,2013-09-09 22:34:05,2013-09-20 22:34:05,,2013-09-26 16:02:13,13
4663,2013 Sprint 18,CLOSED,2013-08-27 20:50:19,2013-09-06 20:49:19,,2013-09-26 16:02:06,13
4664,2013 Sprint 17,CLOSED,2013-08-14 00:48:00,2013-08-24 00:48:00,,2013-09-26 16:01:57,13
4665,2013 Sprint 16,CLOSED,2013-07-30 23:54:12,2013-08-12 23:54:12,,2013-09-26 16:01:49,13
4666,2013 Sprint 15,CLOSED,2013-07-16 15:31:18,2013-07-29 15:31:18,,2013-09-26 16:01:41,13
4667,2013 Sprint 14,CLOSED,2013-07-02 20:29:00,2013-07-15 20:29:00,,2013-09-26 16:01:32,13
4668,Release 3.0.0,CLOSED,2012-09-27 05:26:47,2012-10-08 20:05:00,,2012-12-20 17:03:19,13
4669,2018 Sprint 19 SDK,CLOSED,2018-09-09 21:02:56,2018-09-23 21:02:00,,2018-09-23 22:28:11,13
